persona_a,persona_b,pair_id,task_type,retain_mechanism,default_switch_condition,default_matched_control_condition,strong_switch_condition,strong_matched_control_condition,primary_gap_metric_name,default_primary_gap_abs,strong_primary_gap_abs,primary_gap_change,default_scs,strong_scs,scs_change,default_rai,strong_rai,rai_change,improved_distance_to_matched_b_control,improved_primary_gap,reduced_a_influence,rq2_improved
ISFJ,ENTP,ISFJ_to_ENTP,mbti_mcq,history,A_history_to_B,B_history_to_B,A_history_to_B_strong,B_history_to_B_strong,osr_gap_abs_vs_matched_b_control,1.0,1.0,0.0,0.2366,0.2581,0.0215,0.6882,0.6237,-0.0645,True,False,True,True
ISFJ,ENTP,ISFJ_to_ENTP,mbti_mcq,summary,A_summary_to_B,B_summary_to_B,A_summary_to_B_strong,B_summary_to_B_strong,osr_gap_abs_vs_matched_b_control,0.25,0.0,-0.25,0.7849,0.9677,0.1828,-0.4194,-0.7097,-0.2903,True,True,True,True
ISFJ,ENTP,ISFJ_to_ENTP,machine_mindset,history,A_history_to_B,B_history_to_B,A_history_to_B_strong,B_history_to_B_strong,primary_gap_abs_vs_matched_b_control,0.0195,0.0161,-0.0034,0.2333,0.0667,-0.1666,-0.0663,0.0157,0.082,False,True,False,False
ISFJ,ENTP,ISFJ_to_ENTP,machine_mindset,summary,A_summary_to_B,B_summary_to_B,A_summary_to_B_strong,B_summary_to_B_strong,primary_gap_abs_vs_matched_b_control,0.003,0.0184,0.0154,0.2667,0.4667,0.2,-0.0847,-0.099,-0.0143,True,False,True,True
ISFJ,ENTP,ISFJ_to_ENTP,ifeval,history,A_history_to_B,B_history_to_B,A_history_to_B_strong,B_history_to_B_strong,primary_gap_abs_vs_matched_b_control,0.0,0.0334,0.0334,0.4963,0.4456,-0.0507,-0.0392,-0.0201,0.0191,False,False,False,False
ISFJ,ENTP,ISFJ_to_ENTP,ifeval,summary,A_summary_to_B,B_summary_to_B,A_summary_to_B_strong,B_summary_to_B_strong,primary_gap_abs_vs_matched_b_control,0.0333,0.0,-0.0333,0.4577,0.4267,-0.031,-0.0192,-0.077,-0.0578,True,False,True,True
ISFJ,ISTP,ISFJ_to_ISTP,mbti_mcq,history,A_history_to_B,B_history_to_B,A_history_to_B_strong,B_history_to_B_strong,osr_gap_abs_vs_matched_b_control,0.5,0.5,0.0,0.6237,0.5806,-0.0431,0.2903,0.3548,0.0645,False,False,False,False
ISFJ,ISTP,ISFJ_to_ISTP,mbti_mcq,summary,A_summary_to_B,B_summary_to_B,A_summary_to_B_strong,B_summary_to_B_strong,osr_gap_abs_vs_matched_b_control,0.25,0.25,0.0,0.8925,0.8925,0.0,-0.3333,-0.3011,0.0322,False,False,False,False
ISFJ,ISTP,ISFJ_to_ISTP,machine_mindset,history,A_history_to_B,B_history_to_B,A_history_to_B_strong,B_history_to_B_strong,primary_gap_abs_vs_matched_b_control,0.0126,0.0635,0.0509,0.1333,0.2333,0.1,0.0534,0.0457,-0.0077,True,False,True,True
ISFJ,ISTP,ISFJ_to_ISTP,machine_mindset,summary,A_summary_to_B,B_summary_to_B,A_summary_to_B_strong,B_summary_to_B_strong,primary_gap_abs_vs_matched_b_control,0.0365,0.0192,-0.0173,0.2333,0.2667,0.0334,-0.0567,-0.0384,0.0183,True,True,False,True
ISFJ,ISTP,ISFJ_to_ISTP,ifeval,history,A_history_to_B,B_history_to_B,A_history_to_B_strong,B_history_to_B_strong,primary_gap_abs_vs_matched_b_control,0.0,0.0,0.0,0.582,0.4975,-0.0845,-0.0856,-0.059,0.0266,False,False,False,False
ISFJ,ISTP,ISFJ_to_ISTP,ifeval,summary,A_summary_to_B,B_summary_to_B,A_summary_to_B_strong,B_summary_to_B_strong,primary_gap_abs_vs_matched_b_control,0.0667,0.0333,-0.0334,0.5029,0.4627,-0.0402,-0.0531,-0.0971,-0.044,True,False,True,True
ISFJ,ENFP,ISFJ_to_ENFP,mbti_mcq,history,A_history_to_B,B_history_to_B,A_history_to_B_strong,B_history_to_B_strong,osr_gap_abs_vs_matched_b_control,0.75,0.5,-0.25,0.3656,0.5591,0.1935,0.5591,0.1935,-0.3656,True,True,True,True
ISFJ,ENFP,ISFJ_to_ENFP,mbti_mcq,summary,A_summary_to_B,B_summary_to_B,A_summary_to_B_strong,B_summary_to_B_strong,osr_gap_abs_vs_matched_b_control,0.25,0.0,-0.25,0.828,0.8602,0.0322,-0.3548,-0.4516,-0.0968,True,True,True,True
ISFJ,ENFP,ISFJ_to_ENFP,machine_mindset,history,A_history_to_B,B_history_to_B,A_history_to_B_strong,B_history_to_B_strong,primary_gap_abs_vs_matched_b_control,0.0228,0.0178,-0.005,0.2667,0.3333,0.0666,0.0176,-0.0243,-0.0419,True,True,True,True
ISFJ,ENFP,ISFJ_to_ENFP,machine_mindset,summary,A_summary_to_B,B_summary_to_B,A_summary_to_B_strong,B_summary_to_B_strong,primary_gap_abs_vs_matched_b_control,0.0081,0.019,0.0109,0.3,0.5,0.2,-0.0767,-0.1142,-0.0375,True,False,True,True
ISFJ,ENFP,ISFJ_to_ENFP,ifeval,history,A_history_to_B,B_history_to_B,A_history_to_B_strong,B_history_to_B_strong,primary_gap_abs_vs_matched_b_control,0.0667,0.0,-0.0667,0.5064,0.4798,-0.0266,-0.0372,-0.0534,-0.0162,True,False,True,True
ISFJ,ENFP,ISFJ_to_ENFP,ifeval,summary,A_summary_to_B,B_summary_to_B,A_summary_to_B_strong,B_summary_to_B_strong,primary_gap_abs_vs_matched_b_control,0.0,0.0334,0.0334,0.4317,0.489,0.0573,-0.0518,-0.1194,-0.0676,False,False,True,True
ISFJ,INFP,ISFJ_to_INFP,mbti_mcq,history,A_history_to_B,B_history_to_B,A_history_to_B_strong,B_history_to_B_strong,osr_gap_abs_vs_matched_b_control,0.5,0.5,0.0,0.5914,0.5914,0.0,0.3548,0.2581,-0.0967,False,False,True,False
ISFJ,INFP,ISFJ_to_INFP,mbti_mcq,summary,A_summary_to_B,B_summary_to_B,A_summary_to_B_strong,B_summary_to_B_strong,osr_gap_abs_vs_matched_b_control,0.25,0.0,-0.25,0.8602,0.8817,0.0215,-0.2043,-0.3548,-0.1505,True,True,True,True
ISFJ,INFP,ISFJ_to_INFP,machine_mindset,history,A_history_to_B,B_history_to_B,A_history_to_B_strong,B_history_to_B_strong,primary_gap_abs_vs_matched_b_control,0.0425,0.0283,-0.0142,0.1667,0.2333,0.0666,0.0493,0.0076,-0.0417,True,True,True,True
ISFJ,INFP,ISFJ_to_INFP,machine_mindset,summary,A_summary_to_B,B_summary_to_B,A_summary_to_B_strong,B_summary_to_B_strong,primary_gap_abs_vs_matched_b_control,0.0027,0.0117,0.009,0.4667,0.4,-0.0667,-0.0539,-0.0557,-0.0018,False,False,True,False
ISFJ,INFP,ISFJ_to_INFP,ifeval,history,A_history_to_B,B_history_to_B,A_history_to_B_strong,B_history_to_B_strong,primary_gap_abs_vs_matched_b_control,0.0334,0.0,-0.0334,0.5012,0.4561,-0.0451,-0.0163,-0.0536,-0.0373,True,False,True,True
ISFJ,INFP,ISFJ_to_INFP,ifeval,summary,A_summary_to_B,B_summary_to_B,A_summary_to_B_strong,B_summary_to_B_strong,primary_gap_abs_vs_matched_b_control,0.0,0.0667,0.0667,0.4576,0.4358,-0.0218,-0.0424,-0.0615,-0.0191,False,False,True,False
ENTP,ENFJ,ENTP_to_ENFJ,mbti_mcq,history,A_history_to_B,B_history_to_B,A_history_to_B_strong,B_history_to_B_strong,osr_gap_abs_vs_matched_b_control,0.5,0.5,0.0,0.6022,0.5699,-0.0323,0.2903,0.3226,0.0323,False,False,False,False
ENTP,ENFJ,ENTP_to_ENFJ,mbti_mcq,summary,A_summary_to_B,B_summary_to_B,A_summary_to_B_strong,B_summary_to_B_strong,osr_gap_abs_vs_matched_b_control,0.25,0.0,-0.25,0.8172,0.8925,0.0753,-0.0753,-0.1613,-0.086,True,True,True,True
ENTP,ENFJ,ENTP_to_ENFJ,machine_mindset,history,A_history_to_B,B_history_to_B,A_history_to_B_strong,B_history_to_B_strong,primary_gap_abs_vs_matched_b_control,0.1513,0.1164,-0.0349,0.1333,0.1,-0.0333,0.0878,0.08,-0.0078,False,True,True,True
ENTP,ENFJ,ENTP_to_ENFJ,machine_mindset,summary,A_summary_to_B,B_summary_to_B,A_summary_to_B_strong,B_summary_to_B_strong,primary_gap_abs_vs_matched_b_control,0.0538,0.0334,-0.0204,0.3667,0.4,0.0333,-0.0304,-0.014,0.0164,True,True,False,True
ENTP,ENFJ,ENTP_to_ENFJ,ifeval,history,A_history_to_B,B_history_to_B,A_history_to_B_strong,B_history_to_B_strong,primary_gap_abs_vs_matched_b_control,0.0667,0.0,-0.0667,0.4941,0.5139,0.0198,-0.0386,-0.1426,-0.104,True,False,True,True
ENTP,ENFJ,ENTP_to_ENFJ,ifeval,summary,A_summary_to_B,B_summary_to_B,A_summary_to_B_strong,B_summary_to_B_strong,primary_gap_abs_vs_matched_b_control,0.0334,0.0667,0.0333,0.4497,0.482,0.0323,-0.0202,-0.098,-0.0778,False,False,True,True
ENTP,ISFJ,ENTP_to_ISFJ,mbti_mcq,history,A_history_to_B,B_history_to_B,A_history_to_B_strong,B_history_to_B_strong,osr_gap_abs_vs_matched_b_control,1.0,1.0,0.0,0.3011,0.3548,0.0537,0.5591,0.4194,-0.1397,True,False,True,True
ENTP,ISFJ,ENTP_to_ISFJ,mbti_mcq,summary,A_summary_to_B,B_summary_to_B,A_summary_to_B_strong,B_summary_to_B_strong,osr_gap_abs_vs_matched_b_control,0.25,0.0,-0.25,0.7204,0.8925,0.1721,-0.3226,-0.5591,-0.2365,True,True,True,True
ENTP,ISFJ,ENTP_to_ISFJ,machine_mindset,history,A_history_to_B,B_history_to_B,A_history_to_B_strong,B_history_to_B_strong,primary_gap_abs_vs_matched_b_control,0.1489,0.086,-0.0629,0.0333,0.4333,0.4,0.0763,0.0015,-0.0748,True,True,True,True
ENTP,ISFJ,ENTP_to_ISFJ,machine_mindset,summary,A_summary_to_B,B_summary_to_B,A_summary_to_B_strong,B_summary_to_B_strong,primary_gap_abs_vs_matched_b_control,0.0213,0.0044,-0.0169,0.3333,0.3,-0.0333,-0.0683,-0.0867,-0.0184,False,True,True,True
ENTP,ISFJ,ENTP_to_ISFJ,ifeval,history,A_history_to_B,B_history_to_B,A_history_to_B_strong,B_history_to_B_strong,primary_gap_abs_vs_matched_b_control,0.0,0.1333,0.1333,0.5042,0.4745,-0.0297,-0.0623,-0.1068,-0.0445,False,False,True,False
ENTP,ISFJ,ENTP_to_ISFJ,ifeval,summary,A_summary_to_B,B_summary_to_B,A_summary_to_B_strong,B_summary_to_B_strong,primary_gap_abs_vs_matched_b_control,0.0,0.0667,0.0667,0.4764,0.4857,0.0093,-0.0301,-0.1236,-0.0935,False,False,True,True
ENTP,ISTP,ENTP_to_ISTP,mbti_mcq,history,A_history_to_B,B_history_to_B,A_history_to_B_strong,B_history_to_B_strong,osr_gap_abs_vs_matched_b_control,0.5,0.5,0.0,0.5914,0.5914,0.0,0.2366,0.2151,-0.0215,False,False,True,False
ENTP,ISTP,ENTP_to_ISTP,mbti_mcq,summary,A_summary_to_B,B_summary_to_B,A_summary_to_B_strong,B_summary_to_B_strong,osr_gap_abs_vs_matched_b_control,0.25,0.5,0.25,0.7527,0.871,0.1183,-0.0215,-0.1613,-0.1398,True,False,True,True
ENTP,ISTP,ENTP_to_ISTP,machine_mindset,history,A_history_to_B,B_history_to_B,A_history_to_B_strong,B_history_to_B_strong,primary_gap_abs_vs_matched_b_control,0.0177,0.0031,-0.0146,0.1333,0.3667,0.2334,0.0314,0.0203,-0.0111,True,True,True,True
ENTP,ISTP,ENTP_to_ISTP,machine_mindset,summary,A_summary_to_B,B_summary_to_B,A_summary_to_B_strong,B_summary_to_B_strong,primary_gap_abs_vs_matched_b_control,0.0031,0.0011,-0.002,0.2667,0.3667,0.1,-0.0044,-0.0172,-0.0128,True,True,True,True
ENTP,ISTP,ENTP_to_ISTP,ifeval,history,A_history_to_B,B_history_to_B,A_history_to_B_strong,B_history_to_B_strong,primary_gap_abs_vs_matched_b_control,0.0,0.0333,0.0333,0.4946,0.4734,-0.0212,-0.0566,-0.0997,-0.0431,False,False,True,False
ENTP,ISTP,ENTP_to_ISTP,ifeval,summary,A_summary_to_B,B_summary_to_B,A_summary_to_B_strong,B_summary_to_B_strong,primary_gap_abs_vs_matched_b_control,0.0333,0.0667,0.0334,0.4998,0.4505,-0.0493,-0.0726,-0.1105,-0.0379,False,False,True,False
ENTP,ESFJ,ENTP_to_ESFJ,mbti_mcq,history,A_history_to_B,B_history_to_B,A_history_to_B_strong,B_history_to_B_strong,osr_gap_abs_vs_matched_b_control,0.75,0.75,0.0,0.4194,0.4624,0.043,0.4839,0.4301,-0.0538,True,False,True,True
ENTP,ESFJ,ENTP_to_ESFJ,mbti_mcq,summary,A_summary_to_B,B_summary_to_B,A_summary_to_B_strong,B_summary_to_B_strong,osr_gap_abs_vs_matched_b_control,0.25,0.0,-0.25,0.7419,0.9247,0.1828,-0.129,-0.4409,-0.3119,True,True,True,True
ENTP,ESFJ,ENTP_to_ESFJ,machine_mindset,history,A_history_to_B,B_history_to_B,A_history_to_B_strong,B_history_to_B_strong,primary_gap_abs_vs_matched_b_control,0.1001,0.0767,-0.0234,0.1,0.0667,-0.0333,0.0889,0.0876,-0.0013,False,True,True,True
ENTP,ESFJ,ENTP_to_ESFJ,machine_mindset,summary,A_summary_to_B,B_summary_to_B,A_summary_to_B_strong,B_summary_to_B_strong,primary_gap_abs_vs_matched_b_control,0.0236,0.0166,-0.007,0.2333,0.5667,0.3334,0.0102,-0.0597,-0.0699,True,True,True,True
ENTP,ESFJ,ENTP_to_ESFJ,ifeval,history,A_history_to_B,B_history_to_B,A_history_to_B_strong,B_history_to_B_strong,primary_gap_abs_vs_matched_b_control,0.1,0.0333,-0.0667,0.4541,0.4601,0.006,-0.0315,-0.0794,-0.0479,True,False,True,True
ENTP,ESFJ,ENTP_to_ESFJ,ifeval,summary,A_summary_to_B,B_summary_to_B,A_summary_to_B_strong,B_summary_to_B_strong,primary_gap_abs_vs_matched_b_control,0.0333,0.0,-0.0333,0.4911,0.4693,-0.0218,-0.0905,-0.1194,-0.0289,True,False,True,True
ISTJ,INTJ,ISTJ_to_INTJ,mbti_mcq,history,A_history_to_B,B_history_to_B,A_history_to_B_strong,B_history_to_B_strong,osr_gap_abs_vs_matched_b_control,0.25,0.25,0.0,0.8065,0.8065,0.0,0.1398,0.1935,0.0537,False,False,False,False
ISTJ,INTJ,ISTJ_to_INTJ,mbti_mcq,summary,A_summary_to_B,B_summary_to_B,A_summary_to_B_strong,B_summary_to_B_strong,osr_gap_abs_vs_matched_b_control,0.25,0.25,0.0,0.871,0.8925,0.0215,0.0215,-0.0108,-0.0323,True,False,True,True
ISTJ,INTJ,ISTJ_to_INTJ,machine_mindset,history,A_history_to_B,B_history_to_B,A_history_to_B_strong,B_history_to_B_strong,primary_gap_abs_vs_matched_b_control,0.0227,0.0179,-0.0048,0.1667,0.3667,0.2,0.0354,0.0214,-0.014,True,True,True,True
ISTJ,INTJ,ISTJ_to_INTJ,machine_mindset,summary,A_summary_to_B,B_summary_to_B,A_summary_to_B_strong,B_summary_to_B_strong,primary_gap_abs_vs_matched_b_control,0.0031,0.0103,0.0072,0.4,0.4333,0.0333,-0.0144,-0.045,-0.0306,True,False,True,True
ISTJ,INTJ,ISTJ_to_INTJ,ifeval,history,A_history_to_B,B_history_to_B,A_history_to_B_strong,B_history_to_B_strong,primary_gap_abs_vs_matched_b_control,0.0334,0.0334,0.0,0.5431,0.4523,-0.0908,-0.0865,-0.0343,0.0522,False,False,False,False
ISTJ,INTJ,ISTJ_to_INTJ,ifeval,summary,A_summary_to_B,B_summary_to_B,A_summary_to_B_strong,B_summary_to_B_strong,primary_gap_abs_vs_matched_b_control,0.0333,0.0,-0.0333,0.4822,0.4935,0.0113,-0.0235,-0.0745,-0.051,True,False,True,True
ISTJ,ENTP,ISTJ_to_ENTP,mbti_mcq,history,A_history_to_B,B_history_to_B,A_history_to_B_strong,B_history_to_B_strong,osr_gap_abs_vs_matched_b_control,0.75,0.75,0.0,0.3011,0.3226,0.0215,0.6559,0.6559,0.0,True,False,False,False
ISTJ,ENTP,ISTJ_to_ENTP,mbti_mcq,summary,A_summary_to_B,B_summary_to_B,A_summary_to_B_strong,B_summary_to_B_strong,osr_gap_abs_vs_matched_b_control,0.25,0.0,-0.25,0.7849,0.914,0.1291,-0.2581,-0.5591,-0.301,True,True,True,True
ISTJ,ENTP,ISTJ_to_ENTP,machine_mindset,history,A_history_to_B,B_history_to_B,A_history_to_B_strong,B_history_to_B_strong,primary_gap_abs_vs_matched_b_control,0.0109,0.0011,-0.0098,0.2333,0.2667,0.0334,0.0027,-0.0362,-0.0389,True,True,True,True
ISTJ,ENTP,ISTJ_to_ENTP,machine_mindset,summary,A_summary_to_B,B_summary_to_B,A_summary_to_B_strong,B_summary_to_B_strong,primary_gap_abs_vs_matched_b_control,0.0155,0.0448,0.0293,0.3667,0.4667,0.1,-0.1026,-0.092,0.0106,True,False,False,False
ISTJ,ENTP,ISTJ_to_ENTP,ifeval,history,A_history_to_B,B_history_to_B,A_history_to_B_strong,B_history_to_B_strong,primary_gap_abs_vs_matched_b_control,0.0333,0.0667,0.0334,0.4512,0.4752,0.024,0.0219,-0.0608,-0.0827,False,False,True,True
ISTJ,ENTP,ISTJ_to_ENTP,ifeval,summary,A_summary_to_B,B_summary_to_B,A_summary_to_B_strong,B_summary_to_B_strong,primary_gap_abs_vs_matched_b_control,0.0333,0.0333,0.0,0.4162,0.427,0.0108,-0.0194,-0.0876,-0.0682,False,False,True,True
ISTJ,ISTP,ISTJ_to_ISTP,mbti_mcq,history,A_history_to_B,B_history_to_B,A_history_to_B_strong,B_history_to_B_strong,osr_gap_abs_vs_matched_b_control,0.25,0.25,0.0,0.7957,0.7957,0.0,0.1505,0.1935,0.043,False,False,False,False
ISTJ,ISTP,ISTJ_to_ISTP,mbti_mcq,summary,A_summary_to_B,B_summary_to_B,A_summary_to_B_strong,B_summary_to_B_strong,osr_gap_abs_vs_matched_b_control,0.25,0.25,0.0,0.828,0.871,0.043,0.043,-0.1183,-0.1613,True,False,True,True
ISTJ,ISTP,ISTJ_to_ISTP,machine_mindset,history,A_history_to_B,B_history_to_B,A_history_to_B_strong,B_history_to_B_strong,primary_gap_abs_vs_matched_b_control,0.0319,0.0703,0.0384,0.2333,0.2,-0.0333,0.0485,0.0362,-0.0123,False,False,True,False
ISTJ,ISTP,ISTJ_to_ISTP,machine_mindset,summary,A_summary_to_B,B_summary_to_B,A_summary_to_B_strong,B_summary_to_B_strong,primary_gap_abs_vs_matched_b_control,0.0334,0.0476,0.0142,0.1667,0.2667,0.1,-0.0148,-0.0107,0.0041,True,False,False,False
ISTJ,ISTP,ISTJ_to_ISTP,ifeval,history,A_history_to_B,B_history_to_B,A_history_to_B_strong,B_history_to_B_strong,primary_gap_abs_vs_matched_b_control,0.0,0.0334,0.0334,0.533,0.4682,-0.0648,-0.0638,-0.064,-0.0002,False,False,True,False
ISTJ,ISTP,ISTJ_to_ISTP,ifeval,summary,A_summary_to_B,B_summary_to_B,A_summary_to_B_strong,B_summary_to_B_strong,primary_gap_abs_vs_matched_b_control,0.0333,0.0,-0.0333,0.4875,0.4459,-0.0416,-0.0343,-0.0548,-0.0205,True,False,True,True
ISTJ,ENFP,ISTJ_to_ENFP,mbti_mcq,history,A_history_to_B,B_history_to_B,A_history_to_B_strong,B_history_to_B_strong,osr_gap_abs_vs_matched_b_control,1.0,1.0,0.0,0.0753,0.0968,0.0215,0.871,0.8495,-0.0215,True,False,True,True
ISTJ,ENFP,ISTJ_to_ENFP,mbti_mcq,summary,A_summary_to_B,B_summary_to_B,A_summary_to_B_strong,B_summary_to_B_strong,osr_gap_abs_vs_matched_b_control,0.25,0.0,-0.25,0.8172,0.871,0.0538,-0.5161,-0.6344,-0.1183,True,True,True,True
ISTJ,ENFP,ISTJ_to_ENFP,machine_mindset,history,A_history_to_B,B_history_to_B,A_history_to_B_strong,B_history_to_B_strong,primary_gap_abs_vs_matched_b_control,0.0394,0.0157,-0.0237,0.0333,0.2333,0.2,0.0998,-0.0484,-0.1482,True,True,True,True
ISTJ,ENFP,ISTJ_to_ENFP,machine_mindset,summary,A_summary_to_B,B_summary_to_B,A_summary_to_B_strong,B_summary_to_B_strong,primary_gap_abs_vs_matched_b_control,0.027,0.0127,-0.0143,0.4667,0.4667,0.0,-0.1127,-0.1278,-0.0151,False,True,True,True
ISTJ,ENFP,ISTJ_to_ENFP,ifeval,history,A_history_to_B,B_history_to_B,A_history_to_B_strong,B_history_to_B_strong,primary_gap_abs_vs_matched_b_control,0.0334,0.0,-0.0334,0.5179,0.4398,-0.0781,-0.0507,-0.0579,-0.0072,True,False,True,True
ISTJ,ENFP,ISTJ_to_ENFP,ifeval,summary,A_summary_to_B,B_summary_to_B,A_summary_to_B_strong,B_summary_to_B_strong,primary_gap_abs_vs_matched_b_control,0.1,0.0,-0.1,0.4149,0.4713,0.0564,-0.0464,-0.1698,-0.1234,True,False,True,True
ISTJ,INFP,ISTJ_to_INFP,mbti_mcq,history,A_history_to_B,B_history_to_B,A_history_to_B_strong,B_history_to_B_strong,osr_gap_abs_vs_matched_b_control,0.75,0.75,0.0,0.2688,0.2688,0.0,0.6882,0.6989,0.0107,False,False,False,False
ISTJ,INFP,ISTJ_to_INFP,mbti_mcq,summary,A_summary_to_B,B_summary_to_B,A_summary_to_B_strong,B_summary_to_B_strong,osr_gap_abs_vs_matched_b_control,0.25,0.25,0.0,0.7312,0.8495,0.1183,-0.2151,-0.4946,-0.2795,True,False,True,True
ISTJ,INFP,ISTJ_to_INFP,machine_mindset,history,A_history_to_B,B_history_to_B,A_history_to_B_strong,B_history_to_B_strong,primary_gap_abs_vs_matched_b_control,0.0771,0.0462,-0.0309,0.0333,0.1333,0.1,0.0964,0.053,-0.0434,True,True,True,True
ISTJ,INFP,ISTJ_to_INFP,machine_mindset,summary,A_summary_to_B,B_summary_to_B,A_summary_to_B_strong,B_summary_to_B_strong,primary_gap_abs_vs_matched_b_control,0.0022,0.0299,0.0277,0.4333,0.4333,0.0,-0.0696,-0.1213,-0.0517,False,False,True,False
ISTJ,INFP,ISTJ_to_INFP,ifeval,history,A_history_to_B,B_history_to_B,A_history_to_B_strong,B_history_to_B_strong,primary_gap_abs_vs_matched_b_control,0.0334,0.0,-0.0334,0.4727,0.5027,0.03,-0.008,-0.1095,-0.1015,True,False,True,True
ISTJ,INFP,ISTJ_to_INFP,ifeval,summary,A_summary_to_B,B_summary_to_B,A_summary_to_B_strong,B_summary_to_B_strong,primary_gap_abs_vs_matched_b_control,0.0666,0.1,0.0334,0.4565,0.4498,-0.0067,-0.058,-0.1322,-0.0742,False,False,True,False
INTJ,INFJ,INTJ_to_INFJ,mbti_mcq,history,A_history_to_B,B_history_to_B,A_history_to_B_strong,B_history_to_B_strong,osr_gap_abs_vs_matched_b_control,0.25,0.5,0.25,0.6344,0.6129,-0.0215,0.2903,0.0968,-0.1935,False,False,True,False
INTJ,INFJ,INTJ_to_INFJ,mbti_mcq,summary,A_summary_to_B,B_summary_to_B,A_summary_to_B_strong,B_summary_to_B_strong,osr_gap_abs_vs_matched_b_control,0.0,0.0,0.0,0.9247,0.9032,-0.0215,-0.2366,-0.4194,-0.1828,False,False,True,False
INTJ,INFJ,INTJ_to_INFJ,machine_mindset,history,A_history_to_B,B_history_to_B,A_history_to_B_strong,B_history_to_B_strong,primary_gap_abs_vs_matched_b_control,0.0747,0.0678,-0.0069,0.0333,0.1667,0.1334,0.0634,0.0619,-0.0015,True,True,True,True
INTJ,INFJ,INTJ_to_INFJ,machine_mindset,summary,A_summary_to_B,B_summary_to_B,A_summary_to_B_strong,B_summary_to_B_strong,primary_gap_abs_vs_matched_b_control,0.0037,0.0135,0.0098,0.3,0.4,0.1,-0.0587,-0.034,0.0247,True,False,False,False
INTJ,INFJ,INTJ_to_INFJ,ifeval,history,A_history_to_B,B_history_to_B,A_history_to_B_strong,B_history_to_B_strong,primary_gap_abs_vs_matched_b_control,0.0,0.0333,0.0333,0.4939,0.4837,-0.0102,-0.0539,-0.0752,-0.0213,False,False,True,False
INTJ,INFJ,INTJ_to_INFJ,ifeval,summary,A_summary_to_B,B_summary_to_B,A_summary_to_B_strong,B_summary_to_B_strong,primary_gap_abs_vs_matched_b_control,0.0666,0.1,0.0334,0.4449,0.4931,0.0482,0.0067,-0.1348,-0.1415,False,False,True,True
INTJ,ENFJ,INTJ_to_ENFJ,mbti_mcq,history,A_history_to_B,B_history_to_B,A_history_to_B_strong,B_history_to_B_strong,osr_gap_abs_vs_matched_b_control,0.5,0.5,0.0,0.4086,0.3978,-0.0108,0.5269,0.3011,-0.2258,False,False,True,False
INTJ,ENFJ,INTJ_to_ENFJ,mbti_mcq,summary,A_summary_to_B,B_summary_to_B,A_summary_to_B_strong,B_summary_to_B_strong,osr_gap_abs_vs_matched_b_control,0.0,0.0,0.0,0.8602,0.8495,-0.0107,-0.3548,-0.5269,-0.1721,False,False,True,False
INTJ,ENFJ,INTJ_to_ENFJ,machine_mindset,history,A_history_to_B,B_history_to_B,A_history_to_B_strong,B_history_to_B_strong,primary_gap_abs_vs_matched_b_control,0.0981,0.0512,-0.0469,0.0333,0.1333,0.1,0.0699,-0.0069,-0.0768,True,True,True,True
INTJ,ENFJ,INTJ_to_ENFJ,machine_mindset,summary,A_summary_to_B,B_summary_to_B,A_summary_to_B_strong,B_summary_to_B_strong,primary_gap_abs_vs_matched_b_control,0.0153,0.0063,-0.009,0.5,0.4,-0.1,-0.0984,-0.0942,0.0042,False,True,False,False
INTJ,ENFJ,INTJ_to_ENFJ,ifeval,history,A_history_to_B,B_history_to_B,A_history_to_B_strong,B_history_to_B_strong,primary_gap_abs_vs_matched_b_control,0.0,0.0,0.0,0.5449,0.4658,-0.0791,-0.1046,-0.0608,0.0438,False,False,False,False
INTJ,ENFJ,INTJ_to_ENFJ,ifeval,summary,A_summary_to_B,B_summary_to_B,A_summary_to_B_strong,B_summary_to_B_strong,primary_gap_abs_vs_matched_b_control,0.0334,0.0,-0.0334,0.4663,0.4703,0.004,-0.0683,-0.1551,-0.0868,True,False,True,True
INTJ,ISFJ,INTJ_to_ISFJ,mbti_mcq,history,A_history_to_B,B_history_to_B,A_history_to_B_strong,B_history_to_B_strong,osr_gap_abs_vs_matched_b_control,0.5,0.25,-0.25,0.6022,0.6022,0.0,0.3011,0.1075,-0.1936,False,True,True,True
INTJ,ISFJ,INTJ_to_ISFJ,mbti_mcq,summary,A_summary_to_B,B_summary_to_B,A_summary_to_B_strong,B_summary_to_B_strong,osr_gap_abs_vs_matched_b_control,0.0,0.0,0.0,0.8925,0.914,0.0215,-0.3011,-0.4946,-0.1935,True,False,True,True
INTJ,ISFJ,INTJ_to_ISFJ,machine_mindset,history,A_history_to_B,B_history_to_B,A_history_to_B_strong,B_history_to_B_strong,primary_gap_abs_vs_matched_b_control,0.0802,0.0728,-0.0074,0.1,0.3667,0.2667,0.0514,-0.0162,-0.0676,True,True,True,True
INTJ,ISFJ,INTJ_to_ISFJ,machine_mindset,summary,A_summary_to_B,B_summary_to_B,A_summary_to_B_strong,B_summary_to_B_strong,primary_gap_abs_vs_matched_b_control,0.0052,0.0188,0.0136,0.2,0.4,0.2,-0.067,-0.0734,-0.0064,True,False,True,True
INTJ,ISFJ,INTJ_to_ISFJ,ifeval,history,A_history_to_B,B_history_to_B,A_history_to_B_strong,B_history_to_B_strong,primary_gap_abs_vs_matched_b_control,0.0666,0.1333,0.0667,0.5485,0.4536,-0.0949,-0.1156,-0.0416,0.074,False,False,False,False
INTJ,ISFJ,INTJ_to_ISFJ,ifeval,summary,A_summary_to_B,B_summary_to_B,A_summary_to_B_strong,B_summary_to_B_strong,primary_gap_abs_vs_matched_b_control,0.0666,0.0,-0.0666,0.4644,0.4953,0.0309,-0.0344,-0.1428,-0.1084,True,False,True,True
INTJ,ENTP,INTJ_to_ENTP,mbti_mcq,history,A_history_to_B,B_history_to_B,A_history_to_B_strong,B_history_to_B_strong,osr_gap_abs_vs_matched_b_control,0.5,0.5,0.0,0.5054,0.5591,0.0537,0.4194,0.1398,-0.2796,True,False,True,True
INTJ,ENTP,INTJ_to_ENTP,mbti_mcq,summary,A_summary_to_B,B_summary_to_B,A_summary_to_B_strong,B_summary_to_B_strong,osr_gap_abs_vs_matched_b_control,0.0,0.0,0.0,0.9355,0.9247,-0.0108,-0.3871,-0.5376,-0.1505,False,False,True,False
INTJ,ENTP,INTJ_to_ENTP,machine_mindset,history,A_history_to_B,B_history_to_B,A_history_to_B_strong,B_history_to_B_strong,primary_gap_abs_vs_matched_b_control,0.0332,0.0217,-0.0115,0.0333,0.2333,0.2,0.0392,-0.0101,-0.0493,True,True,True,True
INTJ,ENTP,INTJ_to_ENTP,machine_mindset,summary,A_summary_to_B,B_summary_to_B,A_summary_to_B_strong,B_summary_to_B_strong,primary_gap_abs_vs_matched_b_control,0.0055,0.0216,0.0161,0.4,0.3,-0.1,-0.0828,-0.052,0.0308,False,False,False,False
INTJ,ENTP,INTJ_to_ENTP,ifeval,history,A_history_to_B,B_history_to_B,A_history_to_B_strong,B_history_to_B_strong,primary_gap_abs_vs_matched_b_control,0.0667,0.0,-0.0667,0.4864,0.4748,-0.0116,-0.0372,-0.0308,0.0064,True,False,False,False
INTJ,ENTP,INTJ_to_ENTP,ifeval,summary,A_summary_to_B,B_summary_to_B,A_summary_to_B_strong,B_summary_to_B_strong,primary_gap_abs_vs_matched_b_control,0.0,0.0,0.0,0.4458,0.4509,0.0051,-0.0325,-0.1198,-0.0873,False,False,True,True
INTJ,ISTP,INTJ_to_ISTP,mbti_mcq,history,A_history_to_B,B_history_to_B,A_history_to_B_strong,B_history_to_B_strong,osr_gap_abs_vs_matched_b_control,0.5,0.25,-0.25,0.7957,0.8172,0.0215,0.1075,-0.1613,-0.2688,True,True,True,True
INTJ,ISTP,INTJ_to_ISTP,mbti_mcq,summary,A_summary_to_B,B_summary_to_B,A_summary_to_B_strong,B_summary_to_B_strong,osr_gap_abs_vs_matched_b_control,0.0,0.0,0.0,0.8387,0.8602,0.0215,-0.1505,-0.4301,-0.2796,True,False,True,True
INTJ,ISTP,INTJ_to_ISTP,machine_mindset,history,A_history_to_B,B_history_to_B,A_history_to_B_strong,B_history_to_B_strong,primary_gap_abs_vs_matched_b_control,0.0371,0.0623,0.0252,0.2667,0.1333,-0.1334,0.0212,0.028,0.0068,False,False,False,False
INTJ,ISTP,INTJ_to_ISTP,machine_mindset,summary,A_summary_to_B,B_summary_to_B,A_summary_to_B_strong,B_summary_to_B_strong,primary_gap_abs_vs_matched_b_control,0.0306,0.0026,-0.028,0.3,0.2667,-0.0333,-0.0244,-0.0201,0.0043,False,True,False,False
INTJ,ISTP,INTJ_to_ISTP,ifeval,history,A_history_to_B,B_history_to_B,A_history_to_B_strong,B_history_to_B_strong,primary_gap_abs_vs_matched_b_control,0.0334,0.0,-0.0334,0.5275,0.4782,-0.0493,-0.0687,-0.0255,0.0432,True,False,False,False
INTJ,ISTP,INTJ_to_ISTP,ifeval,summary,A_summary_to_B,B_summary_to_B,A_summary_to_B_strong,B_summary_to_B_strong,primary_gap_abs_vs_matched_b_control,0.0,0.0,0.0,0.5085,0.4682,-0.0403,-0.063,-0.1064,-0.0434,False,False,True,False
INTJ,ENFP,INTJ_to_ENFP,mbti_mcq,history,A_history_to_B,B_history_to_B,A_history_to_B_strong,B_history_to_B_strong,osr_gap_abs_vs_matched_b_control,0.75,0.75,0.0,0.2258,0.2473,0.0215,0.6774,0.4516,-0.2258,True,False,True,True
INTJ,ENFP,INTJ_to_ENFP,mbti_mcq,summary,A_summary_to_B,B_summary_to_B,A_summary_to_B_strong,B_summary_to_B_strong,osr_gap_abs_vs_matched_b_control,0.0,0.0,0.0,0.914,0.9247,0.0107,-0.5591,-0.6559,-0.0968,True,False,True,True
INTJ,ENFP,INTJ_to_ENFP,machine_mindset,history,A_history_to_B,B_history_to_B,A_history_to_B_strong,B_history_to_B_strong,primary_gap_abs_vs_matched_b_control,0.0112,0.0068,-0.0044,0.0333,0.2667,0.2334,0.0568,-0.0584,-0.1152,True,True,True,True
INTJ,ENFP,INTJ_to_ENFP,machine_mindset,summary,A_summary_to_B,B_summary_to_B,A_summary_to_B_strong,B_summary_to_B_strong,primary_gap_abs_vs_matched_b_control,0.0381,0.0304,-0.0077,0.4333,0.5,0.0667,-0.1172,-0.1181,-0.0009,True,True,True,True
INTJ,ENFP,INTJ_to_ENFP,ifeval,history,A_history_to_B,B_history_to_B,A_history_to_B_strong,B_history_to_B_strong,primary_gap_abs_vs_matched_b_control,0.0334,0.0,-0.0334,0.482,0.452,-0.03,-0.0164,-0.0177,-0.0013,True,False,True,True
INTJ,ENFP,INTJ_to_ENFP,ifeval,summary,A_summary_to_B,B_summary_to_B,A_summary_to_B_strong,B_summary_to_B_strong,primary_gap_abs_vs_matched_b_control,0.0666,0.0334,-0.0332,0.4195,0.5076,0.0881,-0.0455,-0.1974,-0.1519,True,False,True,True
INTJ,INFP,INTJ_to_INFP,mbti_mcq,history,A_history_to_B,B_history_to_B,A_history_to_B_strong,B_history_to_B_strong,osr_gap_abs_vs_matched_b_control,0.5,0.5,0.0,0.4624,0.4731,0.0107,0.4731,0.2366,-0.2365,True,False,True,True
INTJ,INFP,INTJ_to_INFP,mbti_mcq,summary,A_summary_to_B,B_summary_to_B,A_summary_to_B_strong,B_summary_to_B_strong,osr_gap_abs_vs_matched_b_control,0.0,0.0,0.0,0.9032,0.8817,-0.0215,-0.3656,-0.5484,-0.1828,False,False,True,False
INTJ,INFP,INTJ_to_INFP,machine_mindset,history,A_history_to_B,B_history_to_B,A_history_to_B_strong,B_history_to_B_strong,primary_gap_abs_vs_matched_b_control,0.0635,0.0246,-0.0389,0.0667,0.1,0.0333,0.0706,0.0324,-0.0382,True,True,True,True
INTJ,INFP,INTJ_to_INFP,machine_mindset,summary,A_summary_to_B,B_summary_to_B,A_summary_to_B_strong,B_summary_to_B_strong,primary_gap_abs_vs_matched_b_control,0.0168,0.0235,0.0067,0.4667,0.3,-0.1667,-0.0546,-0.0855,-0.0309,False,False,True,False
INTJ,INFP,INTJ_to_INFP,ifeval,history,A_history_to_B,B_history_to_B,A_history_to_B_strong,B_history_to_B_strong,primary_gap_abs_vs_matched_b_control,0.0,0.0,0.0,0.4617,0.4409,-0.0208,-0.0103,-0.0336,-0.0233,False,False,True,False
INTJ,INFP,INTJ_to_INFP,ifeval,summary,A_summary_to_B,B_summary_to_B,A_summary_to_B_strong,B_summary_to_B_strong,primary_gap_abs_vs_matched_b_control,0.0667,0.0333,-0.0334,0.4676,0.4664,-0.0012,-0.0787,-0.1358,-0.0571,True,False,True,True
INTJ,ESFJ,INTJ_to_ESFJ,mbti_mcq,history,A_history_to_B,B_history_to_B,A_history_to_B_strong,B_history_to_B_strong,osr_gap_abs_vs_matched_b_control,0.75,0.75,0.0,0.3978,0.3656,-0.0322,0.5269,0.3441,-0.1828,False,False,True,False
INTJ,ESFJ,INTJ_to_ESFJ,mbti_mcq,summary,A_summary_to_B,B_summary_to_B,A_summary_to_B_strong,B_summary_to_B_strong,osr_gap_abs_vs_matched_b_control,0.0,0.0,0.0,0.8817,0.8602,-0.0215,-0.4516,-0.5161,-0.0645,False,False,True,False
INTJ,ESFJ,INTJ_to_ESFJ,machine_mindset,history,A_history_to_B,B_history_to_B,A_history_to_B_strong,B_history_to_B_strong,primary_gap_abs_vs_matched_b_control,0.0537,0.035,-0.0187,0.0333,0.3333,0.3,0.0655,-0.0191,-0.0846,True,True,True,True
INTJ,ESFJ,INTJ_to_ESFJ,machine_mindset,summary,A_summary_to_B,B_summary_to_B,A_summary_to_B_strong,B_summary_to_B_strong,primary_gap_abs_vs_matched_b_control,0.0116,0.0074,-0.0042,0.2667,0.5,0.2333,-0.0518,-0.0924,-0.0406,True,True,True,True
INTJ,ESFJ,INTJ_to_ESFJ,ifeval,history,A_history_to_B,B_history_to_B,A_history_to_B_strong,B_history_to_B_strong,primary_gap_abs_vs_matched_b_control,0.1,0.0333,-0.0667,0.4283,0.4592,0.0309,0.0312,-0.0145,-0.0457,True,False,True,True
INTJ,ESFJ,INTJ_to_ESFJ,ifeval,summary,A_summary_to_B,B_summary_to_B,A_summary_to_B_strong,B_summary_to_B_strong,primary_gap_abs_vs_matched_b_control,0.0333,0.0334,0.0001,0.4581,0.4608,0.0027,-0.0866,-0.1432,-0.0566,False,False,True,True
INTJ,ESTJ,INTJ_to_ESTJ,mbti_mcq,history,A_history_to_B,B_history_to_B,A_history_to_B_strong,B_history_to_B_strong,osr_gap_abs_vs_matched_b_control,0.25,0.25,0.0,0.7204,0.7204,0.0,0.172,-0.043,-0.215,False,False,True,False
INTJ,ESTJ,INTJ_to_ESTJ,mbti_mcq,summary,A_summary_to_B,B_summary_to_B,A_summary_to_B_strong,B_summary_to_B_strong,osr_gap_abs_vs_matched_b_control,0.0,0.0,0.0,0.9247,0.9355,0.0108,-0.2581,-0.4409,-0.1828,True,False,True,True
INTJ,ESTJ,INTJ_to_ESTJ,machine_mindset,history,A_history_to_B,B_history_to_B,A_history_to_B_strong,B_history_to_B_strong,primary_gap_abs_vs_matched_b_control,0.0427,0.0441,0.0014,0.1667,0.2667,0.1,0.0194,0.0076,-0.0118,True,False,True,True
INTJ,ESTJ,INTJ_to_ESTJ,machine_mindset,summary,A_summary_to_B,B_summary_to_B,A_summary_to_B_strong,B_summary_to_B_strong,primary_gap_abs_vs_matched_b_control,0.0199,0.0059,-0.014,0.4333,0.3,-0.1333,-0.0372,-0.0304,0.0068,False,True,False,False
INTJ,ESTJ,INTJ_to_ESTJ,ifeval,history,A_history_to_B,B_history_to_B,A_history_to_B_strong,B_history_to_B_strong,primary_gap_abs_vs_matched_b_control,0.0667,0.0334,-0.0333,0.5086,0.5156,0.007,-0.0544,-0.0574,-0.003,True,False,True,True
INTJ,ESTJ,INTJ_to_ESTJ,ifeval,summary,A_summary_to_B,B_summary_to_B,A_summary_to_B_strong,B_summary_to_B_strong,primary_gap_abs_vs_matched_b_control,0.0667,0.0,-0.0667,0.4995,0.5,0.0005,-0.0153,-0.0566,-0.0413,True,False,True,True
INFJ,INFP,INFJ_to_INFP,mbti_mcq,history,A_history_to_B,B_history_to_B,A_history_to_B_strong,B_history_to_B_strong,osr_gap_abs_vs_matched_b_control,0.25,0.0,-0.25,0.8817,0.914,0.0323,0.0108,-0.1075,-0.1183,True,True,True,True
INFJ,INFP,INFJ_to_INFP,mbti_mcq,summary,A_summary_to_B,B_summary_to_B,A_summary_to_B_strong,B_summary_to_B_strong,osr_gap_abs_vs_matched_b_control,0.0,0.0,0.0,0.9355,0.9355,0.0,-0.0968,-0.1183,-0.0215,False,False,True,False
INFJ,INFP,INFJ_to_INFP,machine_mindset,history,A_history_to_B,B_history_to_B,A_history_to_B_strong,B_history_to_B_strong,primary_gap_abs_vs_matched_b_control,0.0437,0.0236,-0.0201,0.4,0.3667,-0.0333,-0.0463,-0.0385,0.0078,False,True,False,False
INFJ,INFP,INFJ_to_INFP,machine_mindset,summary,A_summary_to_B,B_summary_to_B,A_summary_to_B_strong,B_summary_to_B_strong,primary_gap_abs_vs_matched_b_control,0.0164,0.0255,0.0091,0.3,0.5,0.2,-0.0372,-0.0287,0.0085,True,False,False,False
INFJ,INFP,INFJ_to_INFP,ifeval,history,A_history_to_B,B_history_to_B,A_history_to_B_strong,B_history_to_B_strong,primary_gap_abs_vs_matched_b_control,0.0334,0.0666,0.0332,0.4691,0.5102,0.0411,0.0127,-0.0503,-0.063,False,False,True,True
INFJ,INFP,INFJ_to_INFP,ifeval,summary,A_summary_to_B,B_summary_to_B,A_summary_to_B_strong,B_summary_to_B_strong,primary_gap_abs_vs_matched_b_control,0.0666,0.0333,-0.0333,0.492,0.4643,-0.0277,-0.0442,-0.0763,-0.0321,True,False,True,True
ENFJ,INTJ,ENFJ_to_INTJ,mbti_mcq,history,A_history_to_B,B_history_to_B,A_history_to_B_strong,B_history_to_B_strong,osr_gap_abs_vs_matched_b_control,0.5,0.5,0.0,0.4624,0.4086,-0.0538,0.4301,0.4731,0.043,False,False,False,False
ENFJ,INTJ,ENFJ_to_INTJ,mbti_mcq,summary,A_summary_to_B,B_summary_to_B,A_summary_to_B_strong,B_summary_to_B_strong,osr_gap_abs_vs_matched_b_control,0.0,0.0,0.0,0.8065,0.8495,0.043,-0.2688,-0.4086,-0.1398,True,False,True,True
ENFJ,INTJ,ENFJ_to_INTJ,machine_mindset,history,A_history_to_B,B_history_to_B,A_history_to_B_strong,B_history_to_B_strong,primary_gap_abs_vs_matched_b_control,0.0625,0.0572,-0.0053,0.0667,0.1333,0.0666,0.0089,0.029,0.0201,True,True,False,True
ENFJ,INTJ,ENFJ_to_INTJ,machine_mindset,summary,A_summary_to_B,B_summary_to_B,A_summary_to_B_strong,B_summary_to_B_strong,primary_gap_abs_vs_matched_b_control,0.0109,0.0154,0.0045,0.4667,0.5667,0.1,-0.0714,-0.0822,-0.0108,True,False,True,True
ENFJ,INTJ,ENFJ_to_INTJ,ifeval,history,A_history_to_B,B_history_to_B,A_history_to_B_strong,B_history_to_B_strong,primary_gap_abs_vs_matched_b_control,0.0334,0.0,-0.0334,0.5074,0.0,-0.5074,-0.058,0.0,0.058,True,False,False,False
ENFJ,INTJ,ENFJ_to_INTJ,ifeval,summary,A_summary_to_B,B_summary_to_B,A_summary_to_B_strong,B_summary_to_B_strong,primary_gap_abs_vs_matched_b_control,0.0,0.0334,0.0334,0.488,0.0,-0.488,-0.0548,0.0,0.0548,False,False,False,False
ENFJ,INFJ,ENFJ_to_INFJ,mbti_mcq,history,A_history_to_B,B_history_to_B,A_history_to_B_strong,B_history_to_B_strong,osr_gap_abs_vs_matched_b_control,0.25,0.25,0.0,0.7527,0.7419,-0.0108,0.086,0.1183,0.0323,False,False,False,False
ENFJ,INFJ,ENFJ_to_INFJ,mbti_mcq,summary,A_summary_to_B,B_summary_to_B,A_summary_to_B_strong,B_summary_to_B_strong,osr_gap_abs_vs_matched_b_control,0.0,0.0,0.0,0.8925,0.9462,0.0537,-0.1828,-0.2688,-0.086,True,False,True,True
ENFJ,INFJ,ENFJ_to_INFJ,machine_mindset,history,A_history_to_B,B_history_to_B,A_history_to_B_strong,B_history_to_B_strong,primary_gap_abs_vs_matched_b_control,0.0051,0.0115,0.0064,0.1667,0.3667,0.2,0.0185,0.0138,-0.0047,True,False,True,True
ENFJ,INFJ,ENFJ_to_INFJ,machine_mindset,summary,A_summary_to_B,B_summary_to_B,A_summary_to_B_strong,B_summary_to_B_strong,primary_gap_abs_vs_matched_b_control,0.0154,0.0146,-0.0008,0.4667,0.2,-0.2667,-0.038,-0.025,0.013,False,True,False,False
ENFJ,INFJ,ENFJ_to_INFJ,ifeval,history,A_history_to_B,B_history_to_B,A_history_to_B_strong,B_history_to_B_strong,primary_gap_abs_vs_matched_b_control,0.0,0.0333,0.0333,0.5368,0.0,-0.5368,-0.0892,0.0,0.0892,False,False,False,False
ENFJ,INFJ,ENFJ_to_INFJ,ifeval,summary,A_summary_to_B,B_summary_to_B,A_summary_to_B_strong,B_summary_to_B_strong,primary_gap_abs_vs_matched_b_control,0.0,0.1334,0.1334,0.4602,0.0,-0.4602,-0.0334,0.0,0.0334,False,False,False,False
ENFJ,ISFJ,ENFJ_to_ISFJ,mbti_mcq,history,A_history_to_B,B_history_to_B,A_history_to_B_strong,B_history_to_B_strong,osr_gap_abs_vs_matched_b_control,0.5,0.5,0.0,0.6559,0.6022,-0.0537,0.2043,0.2258,0.0215,False,False,False,False
ENFJ,ISFJ,ENFJ_to_ISFJ,mbti_mcq,summary,A_summary_to_B,B_summary_to_B,A_summary_to_B_strong,B_summary_to_B_strong,osr_gap_abs_vs_matched_b_control,0.0,0.0,0.0,0.871,0.914,0.043,-0.3118,-0.3226,-0.0108,True,False,True,True
ENFJ,ISFJ,ENFJ_to_ISFJ,machine_mindset,history,A_history_to_B,B_history_to_B,A_history_to_B_strong,B_history_to_B_strong,primary_gap_abs_vs_matched_b_control,0.036,0.0291,-0.0069,0.0333,0.3333,0.3,0.0328,-0.0524,-0.0852,True,True,True,True
ENFJ,ISFJ,ENFJ_to_ISFJ,machine_mindset,summary,A_summary_to_B,B_summary_to_B,A_summary_to_B_strong,B_summary_to_B_strong,primary_gap_abs_vs_matched_b_control,0.0006,0.03,0.0294,0.4,0.3667,-0.0333,-0.0546,-0.0593,-0.0047,False,False,True,False
ENFJ,ISFJ,ENFJ_to_ISFJ,ifeval,history,A_history_to_B,B_history_to_B,A_history_to_B_strong,B_history_to_B_strong,primary_gap_abs_vs_matched_b_control,0.1,0.1333,0.0333,0.5386,0.0,-0.5386,-0.0793,0.0,0.0793,False,False,False,False
ENFJ,ISFJ,ENFJ_to_ISFJ,ifeval,summary,A_summary_to_B,B_summary_to_B,A_summary_to_B_strong,B_summary_to_B_strong,primary_gap_abs_vs_matched_b_control,0.0,0.0334,0.0334,0.4771,0.0,-0.4771,-0.0553,0.0,0.0553,False,False,False,False
ENFJ,ENTP,ENFJ_to_ENTP,mbti_mcq,history,A_history_to_B,B_history_to_B,A_history_to_B_strong,B_history_to_B_strong,osr_gap_abs_vs_matched_b_control,0.5,0.5,0.0,0.6129,0.6022,-0.0107,0.3011,0.1935,-0.1076,False,False,True,False
ENFJ,ENTP,ENFJ_to_ENTP,mbti_mcq,summary,A_summary_to_B,B_summary_to_B,A_summary_to_B_strong,B_summary_to_B_strong,osr_gap_abs_vs_matched_b_control,0.0,0.0,0.0,0.9032,0.9785,0.0753,-0.2258,-0.3763,-0.1505,True,False,True,True
ENFJ,ENTP,ENFJ_to_ENTP,machine_mindset,history,A_history_to_B,B_history_to_B,A_history_to_B_strong,B_history_to_B_strong,primary_gap_abs_vs_matched_b_control,0.003,0.0275,0.0245,0.2333,0.2667,0.0334,-0.0136,-0.0319,-0.0183,True,False,True,True
ENFJ,ENTP,ENFJ_to_ENTP,machine_mindset,summary,A_summary_to_B,B_summary_to_B,A_summary_to_B_strong,B_summary_to_B_strong,primary_gap_abs_vs_matched_b_control,0.0114,0.0149,0.0035,0.3,0.5333,0.2333,-0.0648,-0.0901,-0.0253,True,False,True,True
ENFJ,ENTP,ENFJ_to_ENTP,ifeval,history,A_history_to_B,B_history_to_B,A_history_to_B_strong,B_history_to_B_strong,primary_gap_abs_vs_matched_b_control,0.0333,0.0,-0.0333,0.4812,0.0,-0.4812,-0.0308,0.0,0.0308,True,False,False,False
ENFJ,ENTP,ENFJ_to_ENTP,ifeval,summary,A_summary_to_B,B_summary_to_B,A_summary_to_B_strong,B_summary_to_B_strong,primary_gap_abs_vs_matched_b_control,0.0667,0.0333,-0.0334,0.4541,0.0,-0.4541,0.0067,0.0,-0.0067,True,False,True,True
ENFJ,ISTP,ENFJ_to_ISTP,mbti_mcq,history,A_history_to_B,B_history_to_B,A_history_to_B_strong,B_history_to_B_strong,osr_gap_abs_vs_matched_b_control,1.0,1.0,0.0,0.3656,0.3226,-0.043,0.5054,0.5376,0.0322,False,False,False,False
ENFJ,ISTP,ENFJ_to_ISTP,mbti_mcq,summary,A_summary_to_B,B_summary_to_B,A_summary_to_B_strong,B_summary_to_B_strong,osr_gap_abs_vs_matched_b_control,0.0,0.0,0.0,0.8387,0.9032,0.0645,-0.4409,-0.5054,-0.0645,True,False,True,True
ENFJ,ISTP,ENFJ_to_ISTP,machine_mindset,history,A_history_to_B,B_history_to_B,A_history_to_B_strong,B_history_to_B_strong,primary_gap_abs_vs_matched_b_control,0.0288,0.0013,-0.0275,0.2667,0.1667,-0.1,-0.0573,0.0052,0.0625,False,True,False,False
ENFJ,ISTP,ENFJ_to_ISTP,machine_mindset,summary,A_summary_to_B,B_summary_to_B,A_summary_to_B_strong,B_summary_to_B_strong,primary_gap_abs_vs_matched_b_control,0.0132,0.0114,-0.0018,0.3333,0.3,-0.0333,-0.0617,-0.0346,0.0271,False,True,False,False
ENFJ,ISTP,ENFJ_to_ISTP,ifeval,history,A_history_to_B,B_history_to_B,A_history_to_B_strong,B_history_to_B_strong,primary_gap_abs_vs_matched_b_control,0.0334,0.0334,0.0,0.5466,0.0,-0.5466,-0.0963,0.0,0.0963,False,False,False,False
ENFJ,ISTP,ENFJ_to_ISTP,ifeval,summary,A_summary_to_B,B_summary_to_B,A_summary_to_B_strong,B_summary_to_B_strong,primary_gap_abs_vs_matched_b_control,0.0667,0.0,-0.0667,0.517,0.0,-0.517,-0.0281,0.0,0.0281,True,False,False,False
ENFJ,ENFP,ENFJ_to_ENFP,mbti_mcq,history,A_history_to_B,B_history_to_B,A_history_to_B_strong,B_history_to_B_strong,osr_gap_abs_vs_matched_b_control,0.25,0.0,-0.25,0.7849,0.871,0.0861,0.1075,-0.0968,-0.2043,True,True,True,True
ENFJ,ENFP,ENFJ_to_ENFP,mbti_mcq,summary,A_summary_to_B,B_summary_to_B,A_summary_to_B_strong,B_summary_to_B_strong,osr_gap_abs_vs_matched_b_control,0.0,0.0,0.0,0.9032,0.9462,0.043,-0.0538,-0.1935,-0.1397,True,False,True,True
ENFJ,ENFP,ENFJ_to_ENFP,machine_mindset,history,A_history_to_B,B_history_to_B,A_history_to_B_strong,B_history_to_B_strong,primary_gap_abs_vs_matched_b_control,0.0479,0.0434,-0.0045,0.2667,0.2667,0.0,-0.0036,-0.0164,-0.0128,False,True,True,True
ENFJ,ENFP,ENFJ_to_ENFP,machine_mindset,summary,A_summary_to_B,B_summary_to_B,A_summary_to_B_strong,B_summary_to_B_strong,primary_gap_abs_vs_matched_b_control,0.0003,0.0247,0.0244,0.2667,0.3667,0.1,-0.0332,-0.0491,-0.0159,True,False,True,True
ENFJ,ENFP,ENFJ_to_ENFP,ifeval,history,A_history_to_B,B_history_to_B,A_history_to_B_strong,B_history_to_B_strong,primary_gap_abs_vs_matched_b_control,0.0667,0.0667,0.0,0.5289,0.0,-0.5289,-0.0853,0.0,0.0853,False,False,False,False
ENFJ,ENFP,ENFJ_to_ENFP,ifeval,summary,A_summary_to_B,B_summary_to_B,A_summary_to_B_strong,B_summary_to_B_strong,primary_gap_abs_vs_matched_b_control,0.0333,0.0667,0.0334,0.4351,0.0,-0.4351,-0.0221,0.0,0.0221,False,False,False,False
ENFJ,ISTJ,ENFJ_to_ISTJ,mbti_mcq,history,A_history_to_B,B_history_to_B,A_history_to_B_strong,B_history_to_B_strong,osr_gap_abs_vs_matched_b_control,0.75,0.75,0.0,0.4301,0.3871,-0.043,0.4194,0.4409,0.0215,False,False,False,False
ENFJ,ISTJ,ENFJ_to_ISTJ,mbti_mcq,summary,A_summary_to_B,B_summary_to_B,A_summary_to_B_strong,B_summary_to_B_strong,osr_gap_abs_vs_matched_b_control,0.0,0.0,0.0,0.914,0.914,0.0,-0.5914,-0.5914,0.0,False,False,False,False
ENFJ,ISTJ,ENFJ_to_ISTJ,machine_mindset,history,A_history_to_B,B_history_to_B,A_history_to_B_strong,B_history_to_B_strong,primary_gap_abs_vs_matched_b_control,0.0611,0.0054,-0.0557,0.3333,0.3,-0.0333,-0.0717,-0.0615,0.0102,False,True,False,False
ENFJ,ISTJ,ENFJ_to_ISTJ,machine_mindset,summary,A_summary_to_B,B_summary_to_B,A_summary_to_B_strong,B_summary_to_B_strong,primary_gap_abs_vs_matched_b_control,0.027,0.0248,-0.0022,0.4667,0.3667,-0.1,-0.0736,-0.0749,-0.0013,False,True,True,True
ENFJ,ISTJ,ENFJ_to_ISTJ,ifeval,history,A_history_to_B,B_history_to_B,A_history_to_B_strong,B_history_to_B_strong,primary_gap_abs_vs_matched_b_control,0.0333,0.1,0.0667,0.5313,0.0,-0.5313,-0.0566,0.0,0.0566,False,False,False,False
ENFJ,ISTJ,ENFJ_to_ISTJ,ifeval,summary,A_summary_to_B,B_summary_to_B,A_summary_to_B_strong,B_summary_to_B_strong,primary_gap_abs_vs_matched_b_control,0.0,0.0,0.0,0.4715,0.0,-0.4715,-0.0363,0.0,0.0363,False,False,False,False
ENFJ,INFP,ENFJ_to_INFP,mbti_mcq,history,A_history_to_B,B_history_to_B,A_history_to_B_strong,B_history_to_B_strong,osr_gap_abs_vs_matched_b_control,0.5,0.5,0.0,0.6452,0.6989,0.0537,0.2258,0.0968,-0.129,True,False,True,True
ENFJ,INFP,ENFJ_to_INFP,mbti_mcq,summary,A_summary_to_B,B_summary_to_B,A_summary_to_B_strong,B_summary_to_B_strong,osr_gap_abs_vs_matched_b_control,0.0,0.0,0.0,0.8495,0.9032,0.0537,-0.1828,-0.3226,-0.1398,True,False,True,True
ENFJ,INFP,ENFJ_to_INFP,machine_mindset,history,A_history_to_B,B_history_to_B,A_history_to_B_strong,B_history_to_B_strong,primary_gap_abs_vs_matched_b_control,0.011,0.0044,-0.0066,0.1667,0.3667,0.2,0.0417,-0.0108,-0.0525,True,True,True,True
ENFJ,INFP,ENFJ_to_INFP,machine_mindset,summary,A_summary_to_B,B_summary_to_B,A_summary_to_B_strong,B_summary_to_B_strong,primary_gap_abs_vs_matched_b_control,0.0296,0.0013,-0.0283,0.4,0.4,0.0,-0.0504,-0.0572,-0.0068,False,True,True,True
ENFJ,INFP,ENFJ_to_INFP,ifeval,history,A_history_to_B,B_history_to_B,A_history_to_B_strong,B_history_to_B_strong,primary_gap_abs_vs_matched_b_control,0.0334,0.0333,-0.0001,0.4918,0.0,-0.4918,-0.0346,0.0,0.0346,True,False,False,False
ENFJ,INFP,ENFJ_to_INFP,ifeval,summary,A_summary_to_B,B_summary_to_B,A_summary_to_B_strong,B_summary_to_B_strong,primary_gap_abs_vs_matched_b_control,0.0333,0.1,0.0667,0.4883,0.0,-0.4883,-0.0595,0.0,0.0595,False,False,False,False
ENFJ,ESFJ,ENFJ_to_ESFJ,mbti_mcq,history,A_history_to_B,B_history_to_B,A_history_to_B_strong,B_history_to_B_strong,osr_gap_abs_vs_matched_b_control,0.25,0.25,0.0,0.8495,0.8065,-0.043,0.0645,0.043,-0.0215,False,False,True,False
ENFJ,ESFJ,ENFJ_to_ESFJ,mbti_mcq,summary,A_summary_to_B,B_summary_to_B,A_summary_to_B_strong,B_summary_to_B_strong,osr_gap_abs_vs_matched_b_control,0.0,0.0,0.0,0.8817,0.9355,0.0538,-0.0538,-0.1935,-0.1397,True,False,True,True
ENFJ,ESFJ,ENFJ_to_ESFJ,machine_mindset,history,A_history_to_B,B_history_to_B,A_history_to_B_strong,B_history_to_B_strong,primary_gap_abs_vs_matched_b_control,0.009,0.0117,0.0027,0.2667,0.3,0.0333,0.0322,0.0251,-0.0071,True,False,True,True
ENFJ,ESFJ,ENFJ_to_ESFJ,machine_mindset,summary,A_summary_to_B,B_summary_to_B,A_summary_to_B_strong,B_summary_to_B_strong,primary_gap_abs_vs_matched_b_control,0.0058,0.0233,0.0175,0.2333,0.3,0.0667,0.0037,0.004,0.0003,True,False,False,False
ENFJ,ESFJ,ENFJ_to_ESFJ,ifeval,history,A_history_to_B,B_history_to_B,A_history_to_B_strong,B_history_to_B_strong,primary_gap_abs_vs_matched_b_control,0.1,0.0333,-0.0667,0.4877,0.0,-0.4877,-0.0359,0.0,0.0359,True,False,False,False
ENFJ,ESFJ,ENFJ_to_ESFJ,ifeval,summary,A_summary_to_B,B_summary_to_B,A_summary_to_B_strong,B_summary_to_B_strong,primary_gap_abs_vs_matched_b_control,0.0333,0.0,-0.0333,0.4746,0.0,-0.4746,-0.0323,0.0,0.0323,True,False,False,False
ENFJ,ESTJ,ENFJ_to_ESTJ,mbti_mcq,history,A_history_to_B,B_history_to_B,A_history_to_B_strong,B_history_to_B_strong,osr_gap_abs_vs_matched_b_control,0.5,0.5,0.0,0.5161,0.4624,-0.0537,0.3978,0.4086,0.0108,False,False,False,False
ENFJ,ESTJ,ENFJ_to_ESTJ,mbti_mcq,summary,A_summary_to_B,B_summary_to_B,A_summary_to_B_strong,B_summary_to_B_strong,osr_gap_abs_vs_matched_b_control,0.0,0.0,0.0,0.8387,0.9462,0.1075,-0.2688,-0.5161,-0.2473,True,False,True,True
ENFJ,ESTJ,ENFJ_to_ESTJ,machine_mindset,history,A_history_to_B,B_history_to_B,A_history_to_B_strong,B_history_to_B_strong,primary_gap_abs_vs_matched_b_control,0.0407,0.0577,0.017,0.1,0.2333,0.1333,0.0266,-0.0349,-0.0615,True,False,True,True
ENFJ,ESTJ,ENFJ_to_ESTJ,machine_mindset,summary,A_summary_to_B,B_summary_to_B,A_summary_to_B_strong,B_summary_to_B_strong,primary_gap_abs_vs_matched_b_control,0.0248,0.0026,-0.0222,0.5,0.4333,-0.0667,-0.0765,-0.0578,0.0187,False,True,False,False
ENFJ,ESTJ,ENFJ_to_ESTJ,ifeval,history,A_history_to_B,B_history_to_B,A_history_to_B_strong,B_history_to_B_strong,primary_gap_abs_vs_matched_b_control,0.0333,0.0334,0.0001,0.5376,0.0,-0.5376,-0.0761,0.0,0.0761,False,False,False,False
ENFJ,ESTJ,ENFJ_to_ESTJ,ifeval,summary,A_summary_to_B,B_summary_to_B,A_summary_to_B_strong,B_summary_to_B_strong,primary_gap_abs_vs_matched_b_control,0.0334,0.0333,-0.0001,0.5028,0.0,-0.5028,-0.0525,0.0,0.0525,True,False,False,False
ISFJ,INTJ,ISFJ_to_INTJ,mbti_mcq,history,A_history_to_B,B_history_to_B,A_history_to_B_strong,B_history_to_B_strong,osr_gap_abs_vs_matched_b_control,0.5,0.5,0.0,0.6129,0.6344,0.0215,0.3011,0.3118,0.0107,True,False,False,False
ISFJ,INTJ,ISFJ_to_INTJ,mbti_mcq,summary,A_summary_to_B,B_summary_to_B,A_summary_to_B_strong,B_summary_to_B_strong,osr_gap_abs_vs_matched_b_control,0.0,0.0,0.0,0.8817,0.957,0.0753,-0.3118,-0.3656,-0.0538,True,False,True,True
ISFJ,INTJ,ISFJ_to_INTJ,machine_mindset,history,A_history_to_B,B_history_to_B,A_history_to_B_strong,B_history_to_B_strong,primary_gap_abs_vs_matched_b_control,0.0621,0.0,-0.0621,0.0333,0.2333,0.2,0.0494,-0.0297,-0.0791,True,True,True,True
ISFJ,INTJ,ISFJ_to_INTJ,machine_mindset,summary,A_summary_to_B,B_summary_to_B,A_summary_to_B_strong,B_summary_to_B_strong,primary_gap_abs_vs_matched_b_control,0.0097,0.0056,-0.0041,0.4667,0.4,-0.0667,-0.0647,-0.0644,0.0003,False,True,False,False
ISFJ,INTJ,ISFJ_to_INTJ,ifeval,history,A_history_to_B,B_history_to_B,A_history_to_B_strong,B_history_to_B_strong,primary_gap_abs_vs_matched_b_control,0.0334,0.0334,0.0,0.5064,0.472,-0.0344,-0.0188,-0.0397,-0.0209,False,False,True,False
ISFJ,INTJ,ISFJ_to_INTJ,ifeval,summary,A_summary_to_B,B_summary_to_B,A_summary_to_B_strong,B_summary_to_B_strong,primary_gap_abs_vs_matched_b_control,0.0333,0.1,0.0667,0.479,0.4947,0.0157,-0.0451,-0.1238,-0.0787,False,False,True,True
ISFJ,INFJ,ISFJ_to_INFJ,mbti_mcq,history,A_history_to_B,B_history_to_B,A_history_to_B_strong,B_history_to_B_strong,osr_gap_abs_vs_matched_b_control,0.25,0.25,0.0,0.7312,0.7312,0.0,0.2151,0.1935,-0.0216,False,False,True,False
ISFJ,INFJ,ISFJ_to_INFJ,mbti_mcq,summary,A_summary_to_B,B_summary_to_B,A_summary_to_B_strong,B_summary_to_B_strong,osr_gap_abs_vs_matched_b_control,0.0,0.0,0.0,0.8925,0.9247,0.0322,-0.1613,-0.2151,-0.0538,True,False,True,True
ISFJ,INFJ,ISFJ_to_INFJ,machine_mindset,history,A_history_to_B,B_history_to_B,A_history_to_B_strong,B_history_to_B_strong,primary_gap_abs_vs_matched_b_control,0.025,0.0185,-0.0065,0.1333,0.3,0.1667,0.0459,0.0118,-0.0341,True,True,True,True
ISFJ,INFJ,ISFJ_to_INFJ,machine_mindset,summary,A_summary_to_B,B_summary_to_B,A_summary_to_B_strong,B_summary_to_B_strong,primary_gap_abs_vs_matched_b_control,0.0029,0.0125,0.0096,0.3667,0.3,-0.0667,-0.0325,-0.0155,0.017,False,False,False,False
ISFJ,INFJ,ISFJ_to_INFJ,ifeval,history,A_history_to_B,B_history_to_B,A_history_to_B_strong,B_history_to_B_strong,primary_gap_abs_vs_matched_b_control,0.0,0.0333,0.0333,0.5075,0.5142,0.0067,-0.0291,-0.094,-0.0649,False,False,True,True
ISFJ,INFJ,ISFJ_to_INFJ,ifeval,summary,A_summary_to_B,B_summary_to_B,A_summary_to_B_strong,B_summary_to_B_strong,primary_gap_abs_vs_matched_b_control,0.0334,0.1,0.0666,0.4869,0.4669,-0.02,-0.0419,-0.0454,-0.0035,False,False,True,False
ISFJ,ENFJ,ISFJ_to_ENFJ,mbti_mcq,history,A_history_to_B,B_history_to_B,A_history_to_B_strong,B_history_to_B_strong,osr_gap_abs_vs_matched_b_control,0.5,0.5,0.0,0.5914,0.6022,0.0108,0.3441,0.3118,-0.0323,True,False,True,True
ISFJ,ENFJ,ISFJ_to_ENFJ,mbti_mcq,summary,A_summary_to_B,B_summary_to_B,A_summary_to_B_strong,B_summary_to_B_strong,osr_gap_abs_vs_matched_b_control,0.0,0.0,0.0,0.9032,0.8817,-0.0215,-0.2366,-0.2796,-0.043,False,False,True,False
ISFJ,ENFJ,ISFJ_to_ENFJ,machine_mindset,history,A_history_to_B,B_history_to_B,A_history_to_B_strong,B_history_to_B_strong,primary_gap_abs_vs_matched_b_control,0.0757,0.0127,-0.063,0.2333,0.2333,0.0,0.0569,-0.0056,-0.0625,False,True,True,True
ISFJ,ENFJ,ISFJ_to_ENFJ,machine_mindset,summary,A_summary_to_B,B_summary_to_B,A_summary_to_B_strong,B_summary_to_B_strong,primary_gap_abs_vs_matched_b_control,0.0064,0.0111,0.0047,0.4667,0.4,-0.0667,-0.0622,-0.0365,0.0257,False,False,False,False
ISFJ,ENFJ,ISFJ_to_ENFJ,ifeval,history,A_history_to_B,B_history_to_B,A_history_to_B_strong,B_history_to_B_strong,primary_gap_abs_vs_matched_b_control,0.0333,0.0,-0.0333,0.5149,0.4583,-0.0566,-0.0304,-0.065,-0.0346,True,False,True,True
ISFJ,ENFJ,ISFJ_to_ENFJ,ifeval,summary,A_summary_to_B,B_summary_to_B,A_summary_to_B_strong,B_summary_to_B_strong,primary_gap_abs_vs_matched_b_control,0.0,0.0,0.0,0.4796,0.4697,-0.0099,-0.055,-0.0755,-0.0205,False,False,True,False
ISFJ,ISTJ,ISFJ_to_ISTJ,mbti_mcq,history,A_history_to_B,B_history_to_B,A_history_to_B_strong,B_history_to_B_strong,osr_gap_abs_vs_matched_b_control,0.25,0.25,0.0,0.8065,0.7957,-0.0108,0.0968,0.129,0.0322,False,False,False,False
ISFJ,ISTJ,ISFJ_to_ISTJ,mbti_mcq,summary,A_summary_to_B,B_summary_to_B,A_summary_to_B_strong,B_summary_to_B_strong,osr_gap_abs_vs_matched_b_control,0.0,0.0,0.0,0.9462,0.914,-0.0322,-0.2258,-0.1505,0.0753,False,False,False,False
ISFJ,ISTJ,ISFJ_to_ISTJ,machine_mindset,history,A_history_to_B,B_history_to_B,A_history_to_B_strong,B_history_to_B_strong,primary_gap_abs_vs_matched_b_control,0.0425,0.0048,-0.0377,0.2,0.2,0.0,0.0166,0.0093,-0.0073,False,True,True,True
ISFJ,ISTJ,ISFJ_to_ISTJ,machine_mindset,summary,A_summary_to_B,B_summary_to_B,A_summary_to_B_strong,B_summary_to_B_strong,primary_gap_abs_vs_matched_b_control,0.0109,0.0151,0.0042,0.4333,0.4333,0.0,-0.0416,-0.0199,0.0217,False,False,False,False
ISFJ,ISTJ,ISFJ_to_ISTJ,ifeval,history,A_history_to_B,B_history_to_B,A_history_to_B_strong,B_history_to_B_strong,primary_gap_abs_vs_matched_b_control,0.0667,0.0666,-0.0001,0.5246,0.4799,-0.0447,-0.0528,-0.031,0.0218,True,False,False,False
ISFJ,ISTJ,ISFJ_to_ISTJ,ifeval,summary,A_summary_to_B,B_summary_to_B,A_summary_to_B_strong,B_summary_to_B_strong,primary_gap_abs_vs_matched_b_control,0.0333,0.0,-0.0333,0.471,0.5041,0.0331,-0.0169,-0.0895,-0.0726,True,False,True,True
ISFJ,ESFJ,ISFJ_to_ESFJ,mbti_mcq,history,A_history_to_B,B_history_to_B,A_history_to_B_strong,B_history_to_B_strong,osr_gap_abs_vs_matched_b_control,0.25,0.25,0.0,0.7527,0.7634,0.0107,0.1935,0.1613,-0.0322,True,False,True,True
ISFJ,ESFJ,ISFJ_to_ESFJ,mbti_mcq,summary,A_summary_to_B,B_summary_to_B,A_summary_to_B_strong,B_summary_to_B_strong,osr_gap_abs_vs_matched_b_control,0.0,0.0,0.0,0.8495,0.8495,0.0,-0.0753,-0.086,-0.0107,False,False,True,False
ISFJ,ESFJ,ISFJ_to_ESFJ,machine_mindset,history,A_history_to_B,B_history_to_B,A_history_to_B_strong,B_history_to_B_strong,primary_gap_abs_vs_matched_b_control,0.0112,0.0111,-0.0001,0.2667,0.2,-0.0667,0.0352,0.0326,-0.0026,False,True,True,True
ISFJ,ESFJ,ISFJ_to_ESFJ,machine_mindset,summary,A_summary_to_B,B_summary_to_B,A_summary_to_B_strong,B_summary_to_B_strong,primary_gap_abs_vs_matched_b_control,0.002,0.0167,0.0147,0.3,0.3333,0.0333,0.0016,-0.0118,-0.0134,True,False,True,True
ISFJ,ESFJ,ISFJ_to_ESFJ,ifeval,history,A_history_to_B,B_history_to_B,A_history_to_B_strong,B_history_to_B_strong,primary_gap_abs_vs_matched_b_control,0.0666,0.0,-0.0666,0.4883,0.4814,-0.0069,-0.0063,-0.0514,-0.0451,True,False,True,True
ISFJ,ESFJ,ISFJ_to_ESFJ,ifeval,summary,A_summary_to_B,B_summary_to_B,A_summary_to_B_strong,B_summary_to_B_strong,primary_gap_abs_vs_matched_b_control,0.0667,0.0,-0.0667,0.5156,0.4738,-0.0418,-0.0969,-0.081,0.0159,True,False,False,False
ISFJ,ESTJ,ISFJ_to_ESTJ,mbti_mcq,history,A_history_to_B,B_history_to_B,A_history_to_B_strong,B_history_to_B_strong,osr_gap_abs_vs_matched_b_control,0.5,0.5,0.0,0.6344,0.5914,-0.043,0.2903,0.3548,0.0645,False,False,False,False
ISFJ,ESTJ,ISFJ_to_ESTJ,mbti_mcq,summary,A_summary_to_B,B_summary_to_B,A_summary_to_B_strong,B_summary_to_B_strong,osr_gap_abs_vs_matched_b_control,0.0,0.0,0.0,0.8602,0.9355,0.0753,-0.2258,-0.2796,-0.0538,True,False,True,True
ISFJ,ESTJ,ISFJ_to_ESTJ,machine_mindset,history,A_history_to_B,B_history_to_B,A_history_to_B_strong,B_history_to_B_strong,primary_gap_abs_vs_matched_b_control,0.0464,0.0317,-0.0147,0.1667,0.3333,0.1666,0.0314,0.004,-0.0274,True,True,True,True
ISFJ,ESTJ,ISFJ_to_ESTJ,machine_mindset,summary,A_summary_to_B,B_summary_to_B,A_summary_to_B_strong,B_summary_to_B_strong,primary_gap_abs_vs_matched_b_control,0.0163,0.0085,-0.0078,0.4,0.4,0.0,-0.0734,-0.0653,0.0081,False,True,False,False
ISFJ,ESTJ,ISFJ_to_ESTJ,ifeval,history,A_history_to_B,B_history_to_B,A_history_to_B_strong,B_history_to_B_strong,primary_gap_abs_vs_matched_b_control,0.0667,0.0334,-0.0333,0.5062,0.4985,-0.0077,-0.0294,-0.0725,-0.0431,True,False,True,True
ISFJ,ESTJ,ISFJ_to_ESTJ,ifeval,summary,A_summary_to_B,B_summary_to_B,A_summary_to_B_strong,B_summary_to_B_strong,primary_gap_abs_vs_matched_b_control,0.1,0.0,-0.1,0.4685,0.4968,0.0283,-0.0309,-0.067,-0.0361,True,False,True,True
ENTJ,INTJ,ENTJ_to_INTJ,mbti_mcq,history,A_history_to_B,B_history_to_B,A_history_to_B_strong,B_history_to_B_strong,osr_gap_abs_vs_matched_b_control,0.25,0.5,0.25,0.7957,0.7957,0.0,0.0645,0.043,-0.0215,False,False,True,False
ENTJ,INTJ,ENTJ_to_INTJ,mbti_mcq,summary,A_summary_to_B,B_summary_to_B,A_summary_to_B_strong,B_summary_to_B_strong,osr_gap_abs_vs_matched_b_control,0.0,0.0,0.0,0.9247,0.8925,-0.0322,-0.1828,-0.1183,0.0645,False,False,False,False
ENTJ,INTJ,ENTJ_to_INTJ,machine_mindset,history,A_history_to_B,B_history_to_B,A_history_to_B_strong,B_history_to_B_strong,primary_gap_abs_vs_matched_b_control,0.0412,0.0377,-0.0035,0.1667,0.3,0.1333,0.007,0.0002,-0.0068,True,True,True,True
ENTJ,INTJ,ENTJ_to_INTJ,machine_mindset,summary,A_summary_to_B,B_summary_to_B,A_summary_to_B_strong,B_summary_to_B_strong,primary_gap_abs_vs_matched_b_control,0.0064,0.0024,-0.004,0.4,0.6667,0.2667,-0.0293,-0.0288,0.0005,True,True,False,True
ENTJ,INTJ,ENTJ_to_INTJ,ifeval,history,A_history_to_B,B_history_to_B,A_history_to_B_strong,B_history_to_B_strong,primary_gap_abs_vs_matched_b_control,0.0334,0.0334,0.0,0.5112,0.5205,0.0093,-0.0144,-0.092,-0.0776,False,False,True,True
ENTJ,INTJ,ENTJ_to_INTJ,ifeval,summary,A_summary_to_B,B_summary_to_B,A_summary_to_B_strong,B_summary_to_B_strong,primary_gap_abs_vs_matched_b_control,0.0,0.0334,0.0334,0.501,0.487,-0.014,-0.0409,-0.059,-0.0181,False,False,True,False
ENTJ,INFJ,ENTJ_to_INFJ,mbti_mcq,history,A_history_to_B,B_history_to_B,A_history_to_B_strong,B_history_to_B_strong,osr_gap_abs_vs_matched_b_control,0.75,0.5,-0.25,0.4624,0.5161,0.0537,0.4086,0.3333,-0.0753,True,True,True,True
ENTJ,INFJ,ENTJ_to_INFJ,mbti_mcq,summary,A_summary_to_B,B_summary_to_B,A_summary_to_B_strong,B_summary_to_B_strong,osr_gap_abs_vs_matched_b_control,0.0,0.0,0.0,0.9247,0.914,-0.0107,-0.4409,-0.3978,0.0431,False,False,False,False
ENTJ,INFJ,ENTJ_to_INFJ,machine_mindset,history,A_history_to_B,B_history_to_B,A_history_to_B_strong,B_history_to_B_strong,primary_gap_abs_vs_matched_b_control,0.1257,0.0388,-0.0869,0.0333,0.3333,0.3,0.0657,-0.0309,-0.0966,True,True,True,True
ENTJ,INFJ,ENTJ_to_INFJ,machine_mindset,summary,A_summary_to_B,B_summary_to_B,A_summary_to_B_strong,B_summary_to_B_strong,primary_gap_abs_vs_matched_b_control,0.0053,0.0005,-0.0048,0.4,0.2,-0.2,-0.0591,-0.0618,-0.0027,False,True,True,True
ENTJ,INFJ,ENTJ_to_INFJ,ifeval,history,A_history_to_B,B_history_to_B,A_history_to_B_strong,B_history_to_B_strong,primary_gap_abs_vs_matched_b_control,0.0333,0.0,-0.0333,0.4818,0.46,-0.0218,-0.0216,-0.055,-0.0334,True,False,True,True
ENTJ,INFJ,ENTJ_to_INFJ,ifeval,summary,A_summary_to_B,B_summary_to_B,A_summary_to_B_strong,B_summary_to_B_strong,primary_gap_abs_vs_matched_b_control,0.0666,0.0667,0.0001,0.4436,0.4553,0.0117,-0.033,-0.0978,-0.0648,False,False,True,True
ENTJ,ENFJ,ENTJ_to_ENFJ,mbti_mcq,history,A_history_to_B,B_history_to_B,A_history_to_B_strong,B_history_to_B_strong,osr_gap_abs_vs_matched_b_control,0.25,0.5,0.25,0.6344,0.5699,-0.0645,0.2796,0.3441,0.0645,False,False,False,False
ENTJ,ENFJ,ENTJ_to_ENFJ,mbti_mcq,summary,A_summary_to_B,B_summary_to_B,A_summary_to_B_strong,B_summary_to_B_strong,osr_gap_abs_vs_matched_b_control,0.0,0.0,0.0,0.8602,0.8602,0.0,-0.172,-0.1613,0.0107,False,False,False,False
ENTJ,ENFJ,ENTJ_to_ENFJ,machine_mindset,history,A_history_to_B,B_history_to_B,A_history_to_B_strong,B_history_to_B_strong,primary_gap_abs_vs_matched_b_control,0.101,0.0331,-0.0679,0.0667,0.2667,0.2,0.0515,-0.0141,-0.0656,True,True,True,True
ENTJ,ENFJ,ENTJ_to_ENFJ,machine_mindset,summary,A_summary_to_B,B_summary_to_B,A_summary_to_B_strong,B_summary_to_B_strong,primary_gap_abs_vs_matched_b_control,0.0137,0.0239,0.0102,0.3667,0.3667,0.0,-0.0816,-0.0626,0.019,False,False,False,False
ENTJ,ENFJ,ENTJ_to_ENFJ,ifeval,history,A_history_to_B,B_history_to_B,A_history_to_B_strong,B_history_to_B_strong,primary_gap_abs_vs_matched_b_control,0.0667,0.0,-0.0667,0.4894,0.4708,-0.0186,-0.0123,-0.04,-0.0277,True,False,True,True
ENTJ,ENFJ,ENTJ_to_ENFJ,ifeval,summary,A_summary_to_B,B_summary_to_B,A_summary_to_B_strong,B_summary_to_B_strong,primary_gap_abs_vs_matched_b_control,0.0,0.0,0.0,0.4593,0.4929,0.0336,-0.0532,-0.149,-0.0958,False,False,True,True
ENTJ,ISFJ,ENTJ_to_ISFJ,mbti_mcq,history,A_history_to_B,B_history_to_B,A_history_to_B_strong,B_history_to_B_strong,osr_gap_abs_vs_matched_b_control,0.5,0.25,-0.25,0.4946,0.5484,0.0538,0.3763,0.2473,-0.129,True,True,True,True
ENTJ,ISFJ,ENTJ_to_ISFJ,mbti_mcq,summary,A_summary_to_B,B_summary_to_B,A_summary_to_B_strong,B_summary_to_B_strong,osr_gap_abs_vs_matched_b_control,0.0,0.0,0.0,0.8387,0.8925,0.0538,-0.3763,-0.4086,-0.0323,True,False,True,True
ENTJ,ISFJ,ENTJ_to_ISFJ,machine_mindset,history,A_history_to_B,B_history_to_B,A_history_to_B_strong,B_history_to_B_strong,primary_gap_abs_vs_matched_b_control,0.1229,0.0496,-0.0733,0.1,0.3667,0.2667,0.0733,-0.0613,-0.1346,True,True,True,True
ENTJ,ISFJ,ENTJ_to_ISFJ,machine_mindset,summary,A_summary_to_B,B_summary_to_B,A_summary_to_B_strong,B_summary_to_B_strong,primary_gap_abs_vs_matched_b_control,0.025,0.0102,-0.0148,0.3667,0.1667,-0.2,-0.0542,-0.079,-0.0248,False,True,True,True
ENTJ,ISFJ,ENTJ_to_ISFJ,ifeval,history,A_history_to_B,B_history_to_B,A_history_to_B_strong,B_history_to_B_strong,primary_gap_abs_vs_matched_b_control,0.1,0.1,0.0,0.5249,0.4828,-0.0421,-0.0504,-0.0727,-0.0223,False,False,True,False
ENTJ,ISFJ,ENTJ_to_ISFJ,ifeval,summary,A_summary_to_B,B_summary_to_B,A_summary_to_B_strong,B_summary_to_B_strong,primary_gap_abs_vs_matched_b_control,0.0334,0.0334,0.0,0.4928,0.465,-0.0278,-0.0671,-0.0978,-0.0307,False,False,True,False
ENTJ,ENTP,ENTJ_to_ENTP,mbti_mcq,history,A_history_to_B,B_history_to_B,A_history_to_B_strong,B_history_to_B_strong,osr_gap_abs_vs_matched_b_control,0.25,0.25,0.0,0.6452,0.7097,0.0645,0.2581,0.2043,-0.0538,True,False,True,True
ENTJ,ENTP,ENTJ_to_ENTP,mbti_mcq,summary,A_summary_to_B,B_summary_to_B,A_summary_to_B_strong,B_summary_to_B_strong,osr_gap_abs_vs_matched_b_control,0.0,0.0,0.0,0.8817,0.8925,0.0108,-0.1828,-0.1613,0.0215,True,False,False,False
ENTJ,ENTP,ENTJ_to_ENTP,machine_mindset,history,A_history_to_B,B_history_to_B,A_history_to_B_strong,B_history_to_B_strong,primary_gap_abs_vs_matched_b_control,0.0552,0.0006,-0.0546,0.1,0.2,0.1,0.0265,-0.0163,-0.0428,True,True,True,True
ENTJ,ENTP,ENTJ_to_ENTP,machine_mindset,summary,A_summary_to_B,B_summary_to_B,A_summary_to_B_strong,B_summary_to_B_strong,primary_gap_abs_vs_matched_b_control,0.0017,0.0349,0.0332,0.3333,0.5,0.1667,-0.0508,-0.05,0.0008,True,False,False,False
ENTJ,ENTP,ENTJ_to_ENTP,ifeval,history,A_history_to_B,B_history_to_B,A_history_to_B_strong,B_history_to_B_strong,primary_gap_abs_vs_matched_b_control,0.0,0.0,0.0,0.495,0.4789,-0.0161,0.0056,-0.0513,-0.0569,False,False,True,False
ENTJ,ENTP,ENTJ_to_ENTP,ifeval,summary,A_summary_to_B,B_summary_to_B,A_summary_to_B_strong,B_summary_to_B_strong,primary_gap_abs_vs_matched_b_control,0.0333,0.0333,0.0,0.461,0.4302,-0.0308,-0.0047,-0.0923,-0.0876,False,False,True,False
ENTJ,ISTP,ENTJ_to_ISTP,mbti_mcq,history,A_history_to_B,B_history_to_B,A_history_to_B_strong,B_history_to_B_strong,osr_gap_abs_vs_matched_b_control,0.5,0.25,-0.25,0.6989,0.7312,0.0323,0.1183,0.0645,-0.0538,True,True,True,True
ENTJ,ISTP,ENTJ_to_ISTP,mbti_mcq,summary,A_summary_to_B,B_summary_to_B,A_summary_to_B_strong,B_summary_to_B_strong,osr_gap_abs_vs_matched_b_control,0.0,0.0,0.0,0.8602,0.871,0.0108,-0.3548,-0.3118,0.043,True,False,False,False
ENTJ,ISTP,ENTJ_to_ISTP,machine_mindset,history,A_history_to_B,B_history_to_B,A_history_to_B_strong,B_history_to_B_strong,primary_gap_abs_vs_matched_b_control,0.0387,0.0214,-0.0173,0.1333,0.2333,0.1,0.0299,0.0245,-0.0054,True,True,True,True
ENTJ,ISTP,ENTJ_to_ISTP,machine_mindset,summary,A_summary_to_B,B_summary_to_B,A_summary_to_B_strong,B_summary_to_B_strong,primary_gap_abs_vs_matched_b_control,0.0239,0.0114,-0.0125,0.2333,0.3,0.0667,-0.053,-0.041,0.012,True,True,False,True
ENTJ,ISTP,ENTJ_to_ISTP,ifeval,history,A_history_to_B,B_history_to_B,A_history_to_B_strong,B_history_to_B_strong,primary_gap_abs_vs_matched_b_control,0.0334,0.0334,0.0,0.4993,0.4599,-0.0394,-0.0004,-0.0194,-0.019,False,False,True,False
ENTJ,ISTP,ENTJ_to_ISTP,ifeval,summary,A_summary_to_B,B_summary_to_B,A_summary_to_B_strong,B_summary_to_B_strong,primary_gap_abs_vs_matched_b_control,0.0,0.0,0.0,0.5187,0.4582,-0.0605,-0.078,-0.0804,-0.0024,False,False,True,False
ENTJ,ENFP,ENTJ_to_ENFP,mbti_mcq,history,A_history_to_B,B_history_to_B,A_history_to_B_strong,B_history_to_B_strong,osr_gap_abs_vs_matched_b_control,0.75,0.5,-0.25,0.3871,0.4301,0.043,0.4946,0.4839,-0.0107,True,True,True,True
ENTJ,ENFP,ENTJ_to_ENFP,mbti_mcq,summary,A_summary_to_B,B_summary_to_B,A_summary_to_B_strong,B_summary_to_B_strong,osr_gap_abs_vs_matched_b_control,0.0,0.0,0.0,0.8387,0.8602,0.0215,-0.2043,-0.2688,-0.0645,True,False,True,True
ENTJ,ENFP,ENTJ_to_ENFP,machine_mindset,history,A_history_to_B,B_history_to_B,A_history_to_B_strong,B_history_to_B_strong,primary_gap_abs_vs_matched_b_control,0.0039,0.0114,0.0075,0.0667,0.3667,0.3,0.0157,-0.0579,-0.0736,True,False,True,True
ENTJ,ENFP,ENTJ_to_ENFP,machine_mindset,summary,A_summary_to_B,B_summary_to_B,A_summary_to_B_strong,B_summary_to_B_strong,primary_gap_abs_vs_matched_b_control,0.0155,0.0141,-0.0014,0.4,0.5333,0.1333,-0.0818,-0.0985,-0.0167,True,True,True,True
ENTJ,ENFP,ENTJ_to_ENFP,ifeval,history,A_history_to_B,B_history_to_B,A_history_to_B_strong,B_history_to_B_strong,primary_gap_abs_vs_matched_b_control,0.0,0.0,0.0,0.4813,0.4825,0.0012,-0.0281,-0.0935,-0.0654,False,False,True,True
ENTJ,ENFP,ENTJ_to_ENFP,ifeval,summary,A_summary_to_B,B_summary_to_B,A_summary_to_B_strong,B_summary_to_B_strong,primary_gap_abs_vs_matched_b_control,0.1,0.0,-0.1,0.4199,0.4929,0.073,-0.0463,-0.182,-0.1357,True,False,True,True
ENTJ,ISTJ,ENTJ_to_ISTJ,mbti_mcq,history,A_history_to_B,B_history_to_B,A_history_to_B_strong,B_history_to_B_strong,osr_gap_abs_vs_matched_b_control,0.25,0.0,-0.25,0.7957,0.8495,0.0538,0.0108,-0.0968,-0.1076,True,True,True,True
ENTJ,ISTJ,ENTJ_to_ISTJ,mbti_mcq,summary,A_summary_to_B,B_summary_to_B,A_summary_to_B_strong,B_summary_to_B_strong,osr_gap_abs_vs_matched_b_control,0.0,0.0,0.0,0.957,0.9355,-0.0215,-0.3763,-0.3333,0.043,False,False,False,False
ENTJ,ISTJ,ENTJ_to_ISTJ,machine_mindset,history,A_history_to_B,B_history_to_B,A_history_to_B_strong,B_history_to_B_strong,primary_gap_abs_vs_matched_b_control,0.0808,0.0096,-0.0712,0.1667,0.3667,0.2,0.0129,-0.0216,-0.0345,True,True,True,True
ENTJ,ISTJ,ENTJ_to_ISTJ,machine_mindset,summary,A_summary_to_B,B_summary_to_B,A_summary_to_B_strong,B_summary_to_B_strong,primary_gap_abs_vs_matched_b_control,0.0057,0.0228,0.0171,0.5667,0.3333,-0.2334,-0.0698,-0.05,0.0198,False,False,False,False
ENTJ,ISTJ,ENTJ_to_ISTJ,ifeval,history,A_history_to_B,B_history_to_B,A_history_to_B_strong,B_history_to_B_strong,primary_gap_abs_vs_matched_b_control,0.0333,0.0666,0.0333,0.503,0.5116,0.0086,-0.032,-0.0914,-0.0594,False,False,True,True
ENTJ,ISTJ,ENTJ_to_ISTJ,ifeval,summary,A_summary_to_B,B_summary_to_B,A_summary_to_B_strong,B_summary_to_B_strong,primary_gap_abs_vs_matched_b_control,0.0,0.0667,0.0667,0.4982,0.4908,-0.0074,-0.0008,-0.0614,-0.0606,False,False,True,False
ENTJ,INFP,ENTJ_to_INFP,mbti_mcq,history,A_history_to_B,B_history_to_B,A_history_to_B_strong,B_history_to_B_strong,osr_gap_abs_vs_matched_b_control,1.0,0.75,-0.25,0.2366,0.3333,0.0967,0.6559,0.5269,-0.129,True,True,True,True
ENTJ,INFP,ENTJ_to_INFP,mbti_mcq,summary,A_summary_to_B,B_summary_to_B,A_summary_to_B_strong,B_summary_to_B_strong,osr_gap_abs_vs_matched_b_control,0.0,0.0,0.0,0.8602,0.871,0.0108,-0.4624,-0.4731,-0.0107,True,False,True,True
ENTJ,INFP,ENTJ_to_INFP,machine_mindset,history,A_history_to_B,B_history_to_B,A_history_to_B_strong,B_history_to_B_strong,primary_gap_abs_vs_matched_b_control,0.1085,0.0187,-0.0898,0.0667,0.1667,0.1,0.0732,-0.015,-0.0882,True,True,True,True
ENTJ,INFP,ENTJ_to_INFP,machine_mindset,summary,A_summary_to_B,B_summary_to_B,A_summary_to_B_strong,B_summary_to_B_strong,primary_gap_abs_vs_matched_b_control,0.0182,0.0197,0.0015,0.2667,0.3667,0.1,-0.0668,-0.0862,-0.0194,True,False,True,True
ENTJ,INFP,ENTJ_to_INFP,ifeval,history,A_history_to_B,B_history_to_B,A_history_to_B_strong,B_history_to_B_strong,primary_gap_abs_vs_matched_b_control,0.0667,0.0,-0.0667,0.469,0.4709,0.0019,0.0153,-0.056,-0.0713,True,False,True,True
ENTJ,INFP,ENTJ_to_INFP,ifeval,summary,A_summary_to_B,B_summary_to_B,A_summary_to_B_strong,B_summary_to_B_strong,primary_gap_abs_vs_matched_b_control,0.0334,0.1,0.0666,0.4454,0.4355,-0.0099,-0.0694,-0.0822,-0.0128,False,False,True,False
ENTJ,ESFJ,ENTJ_to_ESFJ,mbti_mcq,history,A_history_to_B,B_history_to_B,A_history_to_B_strong,B_history_to_B_strong,osr_gap_abs_vs_matched_b_control,0.25,0.25,0.0,0.5591,0.5376,-0.0215,0.3226,0.3441,0.0215,False,False,False,False
ENTJ,ESFJ,ENTJ_to_ESFJ,mbti_mcq,summary,A_summary_to_B,B_summary_to_B,A_summary_to_B_strong,B_summary_to_B_strong,osr_gap_abs_vs_matched_b_control,0.0,0.0,0.0,0.8387,0.8602,0.0215,-0.2043,-0.2473,-0.043,True,False,True,True
ENTJ,ESFJ,ENTJ_to_ESFJ,machine_mindset,history,A_history_to_B,B_history_to_B,A_history_to_B_strong,B_history_to_B_strong,primary_gap_abs_vs_matched_b_control,0.0949,0.021,-0.0739,0.0,0.4,0.4,0.0799,-0.0571,-0.137,True,True,True,True
ENTJ,ESFJ,ENTJ_to_ESFJ,machine_mindset,summary,A_summary_to_B,B_summary_to_B,A_summary_to_B_strong,B_summary_to_B_strong,primary_gap_abs_vs_matched_b_control,0.0052,0.0077,0.0025,0.3667,0.5333,0.1666,-0.0616,-0.066,-0.0044,True,False,True,True
ENTJ,ESFJ,ENTJ_to_ESFJ,ifeval,history,A_history_to_B,B_history_to_B,A_history_to_B_strong,B_history_to_B_strong,primary_gap_abs_vs_matched_b_control,0.1,0.0333,-0.0667,0.4218,0.4728,0.051,0.0688,-0.0636,-0.1324,True,False,True,True
ENTJ,ESFJ,ENTJ_to_ESFJ,ifeval,summary,A_summary_to_B,B_summary_to_B,A_summary_to_B_strong,B_summary_to_B_strong,primary_gap_abs_vs_matched_b_control,0.0667,0.0334,-0.0333,0.469,0.4666,-0.0024,-0.0371,-0.129,-0.0919,True,False,True,True
ENTP,INTJ,ENTP_to_INTJ,mbti_mcq,history,A_history_to_B,B_history_to_B,A_history_to_B_strong,B_history_to_B_strong,osr_gap_abs_vs_matched_b_control,0.25,0.25,0.0,0.6774,0.6667,-0.0107,0.1183,0.1075,-0.0108,False,False,True,False
ENTP,INTJ,ENTP_to_INTJ,mbti_mcq,summary,A_summary_to_B,B_summary_to_B,A_summary_to_B_strong,B_summary_to_B_strong,osr_gap_abs_vs_matched_b_control,0.0,0.0,0.0,0.7849,0.8172,0.0323,-0.1075,-0.1828,-0.0753,True,False,True,True
ENTP,INTJ,ENTP_to_INTJ,machine_mindset,history,A_history_to_B,B_history_to_B,A_history_to_B_strong,B_history_to_B_strong,primary_gap_abs_vs_matched_b_control,0.1089,0.0474,-0.0615,0.1333,0.2333,0.1,0.0562,0.0042,-0.052,True,True,True,True
ENTP,INTJ,ENTP_to_INTJ,machine_mindset,summary,A_summary_to_B,B_summary_to_B,A_summary_to_B_strong,B_summary_to_B_strong,primary_gap_abs_vs_matched_b_control,0.0413,0.026,-0.0153,0.3333,0.4667,0.1334,-0.0297,-0.0704,-0.0407,True,True,True,True
ENTP,INTJ,ENTP_to_INTJ,ifeval,history,A_history_to_B,B_history_to_B,A_history_to_B_strong,B_history_to_B_strong,primary_gap_abs_vs_matched_b_control,0.0334,0.0,-0.0334,0.4666,0.4438,-0.0228,-0.0181,-0.0711,-0.053,True,False,True,True
ENTP,INTJ,ENTP_to_INTJ,ifeval,summary,A_summary_to_B,B_summary_to_B,A_summary_to_B_strong,B_summary_to_B_strong,primary_gap_abs_vs_matched_b_control,0.0333,0.0334,0.0001,0.4805,0.5039,0.0234,-0.037,-0.1517,-0.1147,False,False,True,True
ENTP,INFJ,ENTP_to_INFJ,mbti_mcq,history,A_history_to_B,B_history_to_B,A_history_to_B_strong,B_history_to_B_strong,osr_gap_abs_vs_matched_b_control,0.75,0.25,-0.5,0.5376,0.6667,0.1291,0.2903,0.0753,-0.215,True,True,True,True
ENTP,INFJ,ENTP_to_INFJ,mbti_mcq,summary,A_summary_to_B,B_summary_to_B,A_summary_to_B_strong,B_summary_to_B_strong,osr_gap_abs_vs_matched_b_control,0.0,0.0,0.0,0.8387,0.8925,0.0538,-0.3011,-0.3118,-0.0107,True,False,True,True
ENTP,INFJ,ENTP_to_INFJ,machine_mindset,history,A_history_to_B,B_history_to_B,A_history_to_B_strong,B_history_to_B_strong,primary_gap_abs_vs_matched_b_control,0.1074,0.0854,-0.022,0.1333,0.1,-0.0333,0.08,0.0241,-0.0559,False,True,True,True
ENTP,INFJ,ENTP_to_INFJ,machine_mindset,summary,A_summary_to_B,B_summary_to_B,A_summary_to_B_strong,B_summary_to_B_strong,primary_gap_abs_vs_matched_b_control,0.0258,0.0098,-0.016,0.3667,0.3667,0.0,-0.0422,-0.0319,0.0103,False,True,False,False
ENTP,INFJ,ENTP_to_INFJ,ifeval,history,A_history_to_B,B_history_to_B,A_history_to_B_strong,B_history_to_B_strong,primary_gap_abs_vs_matched_b_control,0.0,0.0334,0.0334,0.5209,0.503,-0.0179,-0.0868,-0.1369,-0.0501,False,False,True,False
ENTP,INFJ,ENTP_to_INFJ,ifeval,summary,A_summary_to_B,B_summary_to_B,A_summary_to_B_strong,B_summary_to_B_strong,primary_gap_abs_vs_matched_b_control,0.0333,0.0667,0.0334,0.4552,0.4665,0.0113,-0.0223,-0.1133,-0.091,False,False,True,True
ENTP,ENFP,ENTP_to_ENFP,mbti_mcq,history,A_history_to_B,B_history_to_B,A_history_to_B_strong,B_history_to_B_strong,osr_gap_abs_vs_matched_b_control,0.25,0.25,0.0,0.828,0.8387,0.0107,0.0538,0.0538,0.0,True,False,False,False
ENTP,ENFP,ENTP_to_ENFP,mbti_mcq,summary,A_summary_to_B,B_summary_to_B,A_summary_to_B_strong,B_summary_to_B_strong,osr_gap_abs_vs_matched_b_control,0.0,0.0,0.0,0.914,0.9247,0.0107,-0.1075,-0.0968,0.0107,True,False,False,False
ENTP,ENFP,ENTP_to_ENFP,machine_mindset,history,A_history_to_B,B_history_to_B,A_history_to_B_strong,B_history_to_B_strong,primary_gap_abs_vs_matched_b_control,0.0014,0.0223,0.0209,0.3333,0.2333,-0.1,0.0183,0.0272,0.0089,False,False,False,False
ENTP,ENFP,ENTP_to_ENFP,machine_mindset,summary,A_summary_to_B,B_summary_to_B,A_summary_to_B_strong,B_summary_to_B_strong,primary_gap_abs_vs_matched_b_control,0.0007,0.0089,0.0082,0.3667,0.5333,0.1666,0.0033,-0.0169,-0.0202,True,False,True,True
ENTP,ENFP,ENTP_to_ENFP,ifeval,history,A_history_to_B,B_history_to_B,A_history_to_B_strong,B_history_to_B_strong,primary_gap_abs_vs_matched_b_control,0.0667,0.0334,-0.0333,0.5236,0.4654,-0.0582,-0.0674,-0.1155,-0.0481,True,False,True,True
ENTP,ENFP,ENTP_to_ENFP,ifeval,summary,A_summary_to_B,B_summary_to_B,A_summary_to_B_strong,B_summary_to_B_strong,primary_gap_abs_vs_matched_b_control,0.0666,0.0,-0.0666,0.4665,0.4614,-0.0051,-0.0374,-0.0701,-0.0327,True,False,True,True
ENTP,ISTJ,ENTP_to_ISTJ,mbti_mcq,history,A_history_to_B,B_history_to_B,A_history_to_B_strong,B_history_to_B_strong,osr_gap_abs_vs_matched_b_control,0.5,0.25,-0.25,0.4946,0.5914,0.0968,0.2796,0.0753,-0.2043,True,True,True,True
ENTP,ISTJ,ENTP_to_ISTJ,mbti_mcq,summary,A_summary_to_B,B_summary_to_B,A_summary_to_B_strong,B_summary_to_B_strong,osr_gap_abs_vs_matched_b_control,0.0,0.0,0.0,0.9032,0.914,0.0108,-0.4946,-0.5699,-0.0753,True,False,True,True
ENTP,ISTJ,ENTP_to_ISTJ,machine_mindset,history,A_history_to_B,B_history_to_B,A_history_to_B_strong,B_history_to_B_strong,primary_gap_abs_vs_matched_b_control,0.1031,0.0316,-0.0715,0.2667,0.2,-0.0667,0.0008,-0.0205,-0.0213,False,True,True,True
ENTP,ISTJ,ENTP_to_ISTJ,machine_mindset,summary,A_summary_to_B,B_summary_to_B,A_summary_to_B_strong,B_summary_to_B_strong,primary_gap_abs_vs_matched_b_control,0.0168,0.0234,0.0066,0.4,0.3667,-0.0333,-0.0736,-0.0912,-0.0176,False,False,True,False
ENTP,ISTJ,ENTP_to_ISTJ,ifeval,history,A_history_to_B,B_history_to_B,A_history_to_B_strong,B_history_to_B_strong,primary_gap_abs_vs_matched_b_control,0.0667,0.1,0.0333,0.4675,0.4625,-0.005,-0.0383,-0.0937,-0.0554,False,False,True,False
ENTP,ISTJ,ENTP_to_ISTJ,ifeval,summary,A_summary_to_B,B_summary_to_B,A_summary_to_B_strong,B_summary_to_B_strong,primary_gap_abs_vs_matched_b_control,0.0,0.0,0.0,0.4745,0.5041,0.0296,-0.0455,-0.1573,-0.1118,False,False,True,True
ENTP,INFP,ENTP_to_INFP,mbti_mcq,history,A_history_to_B,B_history_to_B,A_history_to_B_strong,B_history_to_B_strong,osr_gap_abs_vs_matched_b_control,0.5,0.0,-0.5,0.6667,0.7957,0.129,0.1505,-0.0753,-0.2258,True,True,True,True
ENTP,INFP,ENTP_to_INFP,mbti_mcq,summary,A_summary_to_B,B_summary_to_B,A_summary_to_B_strong,B_summary_to_B_strong,osr_gap_abs_vs_matched_b_control,0.0,0.0,0.0,0.828,0.8925,0.0645,-0.2366,-0.3011,-0.0645,True,False,True,True
ENTP,INFP,ENTP_to_INFP,machine_mindset,history,A_history_to_B,B_history_to_B,A_history_to_B_strong,B_history_to_B_strong,primary_gap_abs_vs_matched_b_control,0.0835,0.051,-0.0325,0.1667,0.2333,0.0666,0.0585,0.0059,-0.0526,True,True,True,True
ENTP,INFP,ENTP_to_INFP,machine_mindset,summary,A_summary_to_B,B_summary_to_B,A_summary_to_B_strong,B_summary_to_B_strong,primary_gap_abs_vs_matched_b_control,0.0236,0.0359,0.0123,0.3333,0.3,-0.0333,-0.034,-0.0365,-0.0025,False,False,True,False
ENTP,INFP,ENTP_to_INFP,ifeval,history,A_history_to_B,B_history_to_B,A_history_to_B_strong,B_history_to_B_strong,primary_gap_abs_vs_matched_b_control,0.0334,0.0333,-0.0001,0.4865,0.5033,0.0168,-0.0541,-0.1356,-0.0815,True,False,True,True
ENTP,INFP,ENTP_to_INFP,ifeval,summary,A_summary_to_B,B_summary_to_B,A_summary_to_B_strong,B_summary_to_B_strong,primary_gap_abs_vs_matched_b_control,0.0334,0.0333,-0.0001,0.4709,0.4627,-0.0082,-0.0075,-0.1052,-0.0977,True,False,True,True
ENFP,ISFJ,ENFP_to_ISFJ,mbti_mcq,history,A_history_to_B,B_history_to_B,A_history_to_B_strong,B_history_to_B_strong,osr_gap_abs_vs_matched_b_control,0.5,0.25,-0.25,0.7204,0.7097,-0.0107,-0.1075,-0.0968,0.0107,False,True,False,False
ENFP,ISFJ,ENFP_to_ISFJ,mbti_mcq,summary,A_summary_to_B,B_summary_to_B,A_summary_to_B_strong,B_summary_to_B_strong,osr_gap_abs_vs_matched_b_control,0.0,0.0,0.0,0.9462,0.9677,0.0215,-0.6022,-0.5376,0.0646,True,False,False,False
ENFP,ISFJ,ENFP_to_ISFJ,machine_mindset,history,A_history_to_B,B_history_to_B,A_history_to_B_strong,B_history_to_B_strong,primary_gap_abs_vs_matched_b_control,0.0376,0.0395,0.0019,0.2333,0.2667,0.0334,-0.008,-0.0338,-0.0258,True,False,True,True
ENFP,ISFJ,ENFP_to_ISFJ,machine_mindset,summary,A_summary_to_B,B_summary_to_B,A_summary_to_B_strong,B_summary_to_B_strong,primary_gap_abs_vs_matched_b_control,0.0146,0.0093,-0.0053,0.2333,0.3,0.0667,-0.0463,-0.065,-0.0187,True,True,True,True
ENFP,ISFJ,ENFP_to_ISFJ,ifeval,history,A_history_to_B,B_history_to_B,A_history_to_B_strong,B_history_to_B_strong,primary_gap_abs_vs_matched_b_control,0.1,0.1667,0.0667,0.5655,0.4823,-0.0832,-0.1164,-0.1168,-0.0004,False,False,True,False
ENFP,ISFJ,ENFP_to_ISFJ,ifeval,summary,A_summary_to_B,B_summary_to_B,A_summary_to_B_strong,B_summary_to_B_strong,primary_gap_abs_vs_matched_b_control,0.0,0.0333,0.0333,0.494,0.4634,-0.0306,-0.0622,-0.0661,-0.0039,False,False,True,False
ENFP,ISTP,ENFP_to_ISTP,mbti_mcq,history,A_history_to_B,B_history_to_B,A_history_to_B_strong,B_history_to_B_strong,osr_gap_abs_vs_matched_b_control,0.25,0.25,0.0,0.5806,0.6344,0.0538,0.1075,0.0,-0.1075,True,False,True,True
ENFP,ISTP,ENFP_to_ISTP,mbti_mcq,summary,A_summary_to_B,B_summary_to_B,A_summary_to_B_strong,B_summary_to_B_strong,osr_gap_abs_vs_matched_b_control,0.0,0.0,0.0,0.9032,0.8817,-0.0215,-0.5376,-0.4409,0.0967,False,False,False,False
ENFP,ISTP,ENFP_to_ISTP,machine_mindset,history,A_history_to_B,B_history_to_B,A_history_to_B_strong,B_history_to_B_strong,primary_gap_abs_vs_matched_b_control,0.0153,0.0239,0.0086,0.1333,0.3,0.1667,0.0136,-0.0173,-0.0309,True,False,True,True
ENFP,ISTP,ENFP_to_ISTP,machine_mindset,summary,A_summary_to_B,B_summary_to_B,A_summary_to_B_strong,B_summary_to_B_strong,primary_gap_abs_vs_matched_b_control,0.0085,0.0536,0.0451,0.3333,0.3,-0.0333,-0.0136,-0.0273,-0.0137,False,False,True,False
ENFP,ISTP,ENFP_to_ISTP,ifeval,history,A_history_to_B,B_history_to_B,A_history_to_B_strong,B_history_to_B_strong,primary_gap_abs_vs_matched_b_control,0.0,0.0,0.0,0.5518,0.4505,-0.1013,-0.0794,-0.0779,0.0015,False,False,False,False
ENFP,ISTP,ENFP_to_ISTP,ifeval,summary,A_summary_to_B,B_summary_to_B,A_summary_to_B_strong,B_summary_to_B_strong,primary_gap_abs_vs_matched_b_control,0.0,0.0333,0.0333,0.5076,0.4646,-0.043,-0.0334,-0.1262,-0.0928,False,False,True,False
ENFP,ISTJ,ENFP_to_ISTJ,mbti_mcq,history,A_history_to_B,B_history_to_B,A_history_to_B_strong,B_history_to_B_strong,osr_gap_abs_vs_matched_b_control,0.5,0.0,-0.5,0.5806,0.7742,0.1936,-0.0645,-0.4194,-0.3549,True,True,True,True
ENFP,ISTJ,ENFP_to_ISTJ,mbti_mcq,summary,A_summary_to_B,B_summary_to_B,A_summary_to_B_strong,B_summary_to_B_strong,osr_gap_abs_vs_matched_b_control,0.0,0.0,0.0,0.9462,0.9247,-0.0215,-0.7957,-0.7419,0.0538,False,False,False,False
ENFP,ISTJ,ENFP_to_ISTJ,machine_mindset,history,A_history_to_B,B_history_to_B,A_history_to_B_strong,B_history_to_B_strong,primary_gap_abs_vs_matched_b_control,0.054,0.0127,-0.0413,0.1333,0.4333,0.3,-0.0304,-0.0629,-0.0325,True,True,True,True
ENFP,ISTJ,ENFP_to_ISTJ,machine_mindset,summary,A_summary_to_B,B_summary_to_B,A_summary_to_B_strong,B_summary_to_B_strong,primary_gap_abs_vs_matched_b_control,0.001,0.0074,0.0064,0.3667,0.3333,-0.0334,-0.087,-0.0968,-0.0098,False,False,True,False
ENFP,ISTJ,ENFP_to_ISTJ,ifeval,history,A_history_to_B,B_history_to_B,A_history_to_B_strong,B_history_to_B_strong,primary_gap_abs_vs_matched_b_control,0.0333,0.0333,0.0,0.5022,0.4844,-0.0178,-0.0596,-0.1453,-0.0857,False,False,True,False
ENFP,ISTJ,ENFP_to_ISTJ,ifeval,summary,A_summary_to_B,B_summary_to_B,A_summary_to_B_strong,B_summary_to_B_strong,primary_gap_abs_vs_matched_b_control,0.0333,0.0333,0.0,0.4705,0.5018,0.0313,-0.0191,-0.1754,-0.1563,False,False,True,True
ENFP,INFP,ENFP_to_INFP,mbti_mcq,history,A_history_to_B,B_history_to_B,A_history_to_B_strong,B_history_to_B_strong,osr_gap_abs_vs_matched_b_control,0.25,0.0,-0.25,0.8495,0.9247,0.0752,0.0,-0.2043,-0.2043,True,True,True,True
ENFP,INFP,ENFP_to_INFP,mbti_mcq,summary,A_summary_to_B,B_summary_to_B,A_summary_to_B_strong,B_summary_to_B_strong,osr_gap_abs_vs_matched_b_control,0.0,0.0,0.0,0.914,0.9247,0.0107,-0.172,-0.2151,-0.0431,True,False,True,True
ENFP,INFP,ENFP_to_INFP,machine_mindset,history,A_history_to_B,B_history_to_B,A_history_to_B_strong,B_history_to_B_strong,primary_gap_abs_vs_matched_b_control,0.0298,0.0317,0.0019,0.4667,0.2667,-0.2,-0.0057,-0.0034,0.0023,False,False,False,False
ENFP,INFP,ENFP_to_INFP,machine_mindset,summary,A_summary_to_B,B_summary_to_B,A_summary_to_B_strong,B_summary_to_B_strong,primary_gap_abs_vs_matched_b_control,0.016,0.04,0.024,0.3333,0.3,-0.0333,-0.0087,-0.0077,0.001,False,False,False,False
ENFP,INFP,ENFP_to_INFP,ifeval,history,A_history_to_B,B_history_to_B,A_history_to_B_strong,B_history_to_B_strong,primary_gap_abs_vs_matched_b_control,0.0667,0.0334,-0.0333,0.4821,0.5001,0.018,-0.0382,-0.1366,-0.0984,True,False,True,True
ENFP,INFP,ENFP_to_INFP,ifeval,summary,A_summary_to_B,B_summary_to_B,A_summary_to_B_strong,B_summary_to_B_strong,primary_gap_abs_vs_matched_b_control,0.0667,0.1,0.0333,0.4965,0.4517,-0.0448,-0.0287,-0.0398,-0.0111,False,False,True,False
ENFP,ESFJ,ENFP_to_ESFJ,mbti_mcq,history,A_history_to_B,B_history_to_B,A_history_to_B_strong,B_history_to_B_strong,osr_gap_abs_vs_matched_b_control,0.25,0.25,0.0,0.7634,0.7849,0.0215,0.0108,0.0,-0.0108,True,False,True,True
ENFP,ESFJ,ENFP_to_ESFJ,mbti_mcq,summary,A_summary_to_B,B_summary_to_B,A_summary_to_B_strong,B_summary_to_B_strong,osr_gap_abs_vs_matched_b_control,0.0,0.0,0.0,0.9355,0.914,-0.0215,-0.3226,-0.2473,0.0753,False,False,False,False
ENFP,ESFJ,ENFP_to_ESFJ,machine_mindset,history,A_history_to_B,B_history_to_B,A_history_to_B_strong,B_history_to_B_strong,primary_gap_abs_vs_matched_b_control,0.0683,0.0702,0.0019,0.2333,0.3667,0.1334,0.0268,0.0317,0.0049,True,False,False,False
ENFP,ESFJ,ENFP_to_ESFJ,machine_mindset,summary,A_summary_to_B,B_summary_to_B,A_summary_to_B_strong,B_summary_to_B_strong,primary_gap_abs_vs_matched_b_control,0.0105,0.0208,0.0103,0.3,0.4667,0.1667,-0.0164,-0.016,0.0004,True,False,False,False
ENFP,ESFJ,ENFP_to_ESFJ,ifeval,history,A_history_to_B,B_history_to_B,A_history_to_B_strong,B_history_to_B_strong,primary_gap_abs_vs_matched_b_control,0.0666,0.0,-0.0666,0.4235,0.4861,0.0626,0.0361,-0.081,-0.1171,True,False,True,True
ENFP,ESFJ,ENFP_to_ESFJ,ifeval,summary,A_summary_to_B,B_summary_to_B,A_summary_to_B_strong,B_summary_to_B_strong,primary_gap_abs_vs_matched_b_control,0.0,0.0333,0.0333,0.4868,0.5011,0.0143,-0.0816,-0.0783,0.0033,False,False,False,False
ENFP,ESTJ,ENFP_to_ESTJ,mbti_mcq,history,A_history_to_B,B_history_to_B,A_history_to_B_strong,B_history_to_B_strong,osr_gap_abs_vs_matched_b_control,0.5,0.5,0.0,0.6022,0.6452,0.043,0.043,0.0,-0.043,True,False,True,True
ENFP,ESTJ,ENFP_to_ESTJ,mbti_mcq,summary,A_summary_to_B,B_summary_to_B,A_summary_to_B_strong,B_summary_to_B_strong,osr_gap_abs_vs_matched_b_control,0.0,0.0,0.0,0.957,0.9462,-0.0108,-0.6452,-0.6559,-0.0107,False,False,True,False
ENFP,ESTJ,ENFP_to_ESTJ,machine_mindset,history,A_history_to_B,B_history_to_B,A_history_to_B_strong,B_history_to_B_strong,primary_gap_abs_vs_matched_b_control,0.0495,0.0274,-0.0221,0.1667,0.4,0.2333,-0.0147,-0.0387,-0.024,True,True,True,True
ENFP,ESTJ,ENFP_to_ESTJ,machine_mindset,summary,A_summary_to_B,B_summary_to_B,A_summary_to_B_strong,B_summary_to_B_strong,primary_gap_abs_vs_matched_b_control,0.0073,0.0049,-0.0024,0.3333,0.3667,0.0334,-0.0786,-0.0934,-0.0148,True,True,True,True
ENFP,ESTJ,ENFP_to_ESTJ,ifeval,history,A_history_to_B,B_history_to_B,A_history_to_B_strong,B_history_to_B_strong,primary_gap_abs_vs_matched_b_control,0.0667,0.0,-0.0667,0.4649,0.5016,0.0367,-0.0071,-0.1437,-0.1366,True,False,True,True
ENFP,ESTJ,ENFP_to_ESTJ,ifeval,summary,A_summary_to_B,B_summary_to_B,A_summary_to_B_strong,B_summary_to_B_strong,primary_gap_abs_vs_matched_b_control,0.1,0.0333,-0.0667,0.5028,0.484,-0.0188,-0.0658,-0.1253,-0.0595,True,False,True,True
