persona_a,persona_b,pair_id,task_type,retain_mechanism,simple_condition,simple_matched_control_condition,reinforced_condition,reinforced_matched_control_condition,reinforcement_repeats,primary_gap_metric_name,simple_primary_gap_abs,reinforced_primary_gap_abs,primary_gap_change,simple_scs,reinforced_scs,scs_change,simple_rai,reinforced_rai,rai_change,weakened_distance_to_matched_b_control,weakened_primary_gap,increased_a_influence,rq3_weakened
INTJ,ISTJ,INTJ_to_ISTJ,mbti_mcq,history,A_history_to_B,B_history_to_B,A3_history_to_B,B3_history_to_B,3,osr_gap_abs_vs_matched_b_control,0.0,0.0,0.0,0.9247,0.9032,-0.0215,-0.086,-0.043,0.043,True,False,True,True
INTJ,ISTJ,INTJ_to_ISTJ,mbti_mcq,summary,A_summary_to_B,B_summary_to_B,A3_summary_to_B,B3_summary_to_B,3,osr_gap_abs_vs_matched_b_control,0.0,0.0,0.0,0.9677,0.9892,0.0215,-0.2151,-0.2258,-0.0107,False,False,False,False
INTJ,ISTJ,INTJ_to_ISTJ,machine_mindset,history,A_history_to_B,B_history_to_B,A3_history_to_B,B3_history_to_B,3,primary_gap_abs_vs_matched_b_control,0.0491,0.0493,0.0002,0.2333,0.1333,-0.1,0.0327,0.0109,-0.0218,True,True,False,True
INTJ,ISTJ,INTJ_to_ISTJ,machine_mindset,summary,A_summary_to_B,B_summary_to_B,A3_summary_to_B,B3_summary_to_B,3,primary_gap_abs_vs_matched_b_control,0.0011,0.0122,0.0111,0.6,0.4667,-0.1333,-0.0454,-0.0353,0.0101,True,True,True,True
INTJ,ISTJ,INTJ_to_ISTJ,ifeval,history,A_history_to_B,B_history_to_B,A3_history_to_B,B3_history_to_B,3,primary_gap_abs_vs_matched_b_control,0.0667,0.0667,0.0,0.517,0.5494,0.0324,-0.0858,-0.0742,0.0116,False,False,True,False
INTJ,ISTJ,INTJ_to_ISTJ,ifeval,summary,A_summary_to_B,B_summary_to_B,A3_summary_to_B,B3_summary_to_B,3,primary_gap_abs_vs_matched_b_control,0.0,0.0,0.0,0.4974,0.484,-0.0134,-0.0181,-0.0272,-0.0091,False,False,False,False
INFJ,INTJ,INFJ_to_INTJ,mbti_mcq,history,A_history_to_B,B_history_to_B,A3_history_to_B,B3_history_to_B,3,osr_gap_abs_vs_matched_b_control,0.0,0.0,0.0,0.9032,0.8925,-0.0107,-0.2151,-0.2258,-0.0107,True,False,False,False
INFJ,INTJ,INFJ_to_INTJ,mbti_mcq,summary,A_summary_to_B,B_summary_to_B,A3_summary_to_B,B3_summary_to_B,3,osr_gap_abs_vs_matched_b_control,0.0,0.0,0.0,0.957,0.957,0.0,-0.3333,-0.3441,-0.0108,False,False,False,False
INFJ,INTJ,INFJ_to_INTJ,machine_mindset,history,A_history_to_B,B_history_to_B,A3_history_to_B,B3_history_to_B,3,primary_gap_abs_vs_matched_b_control,0.0,0.0047,0.0047,0.3667,0.3667,0.0,-0.0534,-0.0478,0.0056,False,True,True,True
INFJ,INTJ,INFJ_to_INTJ,machine_mindset,summary,A_summary_to_B,B_summary_to_B,A3_summary_to_B,B3_summary_to_B,3,primary_gap_abs_vs_matched_b_control,0.0106,0.0143,0.0037,0.4333,0.3,-0.1333,-0.0656,-0.05,0.0156,True,True,True,True
INFJ,INTJ,INFJ_to_INTJ,ifeval,history,A_history_to_B,B_history_to_B,A3_history_to_B,B3_history_to_B,3,primary_gap_abs_vs_matched_b_control,0.0,0.0667,0.0667,0.5087,0.5155,0.0068,-0.0084,-0.0566,-0.0482,True,False,False,False
INFJ,INTJ,INFJ_to_INTJ,ifeval,summary,A_summary_to_B,B_summary_to_B,A3_summary_to_B,B3_summary_to_B,3,primary_gap_abs_vs_matched_b_control,0.0334,0.0,-0.0334,0.5064,0.4906,-0.0158,-0.007,-0.0013,0.0057,False,False,True,True
INFJ,ENFJ,INFJ_to_ENFJ,mbti_mcq,history,A_history_to_B,B_history_to_B,A3_history_to_B,B3_history_to_B,3,osr_gap_abs_vs_matched_b_control,0.0,0.0,0.0,0.9247,0.5699,-0.3548,-0.2366,0.086,0.3226,True,False,True,True
INFJ,ENFJ,INFJ_to_ENFJ,mbti_mcq,summary,A_summary_to_B,B_summary_to_B,A3_summary_to_B,B3_summary_to_B,3,osr_gap_abs_vs_matched_b_control,0.0,0.0,0.0,0.957,0.3011,-0.6559,-0.2796,-0.1075,0.1721,True,False,True,True
INFJ,ENFJ,INFJ_to_ENFJ,machine_mindset,history,A_history_to_B,B_history_to_B,A3_history_to_B,B3_history_to_B,3,primary_gap_abs_vs_matched_b_control,0.0011,0.0037,0.0026,0.4333,0.3,-0.1333,-0.0325,-0.0078,0.0247,True,True,True,True
INFJ,ENFJ,INFJ_to_ENFJ,machine_mindset,summary,A_summary_to_B,B_summary_to_B,A3_summary_to_B,B3_summary_to_B,3,primary_gap_abs_vs_matched_b_control,0.0118,0.6621,0.6503,0.5,0.0667,-0.4333,-0.0395,-0.0181,0.0214,True,True,True,True
INFJ,ENFJ,INFJ_to_ENFJ,ifeval,history,A_history_to_B,B_history_to_B,A3_history_to_B,B3_history_to_B,3,primary_gap_abs_vs_matched_b_control,0.0667,0.0333,-0.0334,0.55,0.5355,-0.0145,-0.0856,-0.0648,0.0208,False,False,True,True
INFJ,ENFJ,INFJ_to_ENFJ,ifeval,summary,A_summary_to_B,B_summary_to_B,A3_summary_to_B,B3_summary_to_B,3,primary_gap_abs_vs_matched_b_control,0.0667,0.7,0.6333,0.501,0.0,-0.501,-0.0363,0.0,0.0363,True,False,True,True
INFJ,ISFJ,INFJ_to_ISFJ,mbti_mcq,history,A_history_to_B,B_history_to_B,A3_history_to_B,B3_history_to_B,3,osr_gap_abs_vs_matched_b_control,0.0,0.0,0.0,0.914,0.8495,-0.0645,-0.2258,-0.172,0.0538,True,False,True,True
INFJ,ISFJ,INFJ_to_ISFJ,mbti_mcq,summary,A_summary_to_B,B_summary_to_B,A3_summary_to_B,B3_summary_to_B,3,osr_gap_abs_vs_matched_b_control,0.0,0.0,0.0,0.957,0.957,0.0,-0.2903,-0.3333,-0.043,False,False,False,False
INFJ,ISFJ,INFJ_to_ISFJ,machine_mindset,history,A_history_to_B,B_history_to_B,A3_history_to_B,B3_history_to_B,3,primary_gap_abs_vs_matched_b_control,0.011,0.0078,-0.0032,0.2667,0.3667,0.1,-0.0467,-0.0477,-0.001,False,False,False,False
INFJ,ISFJ,INFJ_to_ISFJ,machine_mindset,summary,A_summary_to_B,B_summary_to_B,A3_summary_to_B,B3_summary_to_B,3,primary_gap_abs_vs_matched_b_control,0.0146,0.0254,0.0108,0.3667,0.3333,-0.0334,-0.0449,-0.0448,0.0001,True,True,True,True
INFJ,ISFJ,INFJ_to_ISFJ,ifeval,history,A_history_to_B,B_history_to_B,A3_history_to_B,B3_history_to_B,3,primary_gap_abs_vs_matched_b_control,0.0,0.0,0.0,0.5744,0.4931,-0.0813,-0.1166,-0.0121,0.1045,False,False,True,True
INFJ,ISFJ,INFJ_to_ISFJ,ifeval,summary,A_summary_to_B,B_summary_to_B,A3_summary_to_B,B3_summary_to_B,3,primary_gap_abs_vs_matched_b_control,0.0334,0.0333,-0.0001,0.5179,0.4945,-0.0234,-0.0595,-0.0191,0.0404,False,False,True,True
INFJ,ENTP,INFJ_to_ENTP,mbti_mcq,history,A_history_to_B,B_history_to_B,A3_history_to_B,B3_history_to_B,3,osr_gap_abs_vs_matched_b_control,0.0,0.25,0.25,0.871,0.7742,-0.0968,-0.3011,-0.1613,0.1398,True,True,True,True
INFJ,ENTP,INFJ_to_ENTP,mbti_mcq,summary,A_summary_to_B,B_summary_to_B,A3_summary_to_B,B3_summary_to_B,3,osr_gap_abs_vs_matched_b_control,0.0,0.0,0.0,0.9355,0.9462,0.0107,-0.5054,-0.5161,-0.0107,False,False,False,False
INFJ,ENTP,INFJ_to_ENTP,machine_mindset,history,A_history_to_B,B_history_to_B,A3_history_to_B,B3_history_to_B,3,primary_gap_abs_vs_matched_b_control,0.0024,0.0088,0.0064,0.3,0.3667,0.0667,-0.0618,-0.0407,0.0211,False,True,True,True
INFJ,ENTP,INFJ_to_ENTP,machine_mindset,summary,A_summary_to_B,B_summary_to_B,A3_summary_to_B,B3_summary_to_B,3,primary_gap_abs_vs_matched_b_control,0.004,0.0155,0.0115,0.4333,0.3667,-0.0666,-0.0692,-0.0592,0.01,True,True,True,True
INFJ,ENTP,INFJ_to_ENTP,ifeval,history,A_history_to_B,B_history_to_B,A3_history_to_B,B3_history_to_B,3,primary_gap_abs_vs_matched_b_control,0.0333,0.0,-0.0333,0.4767,0.5557,0.079,0.0208,-0.0757,-0.0965,False,False,False,False
INFJ,ENTP,INFJ_to_ENTP,ifeval,summary,A_summary_to_B,B_summary_to_B,A3_summary_to_B,B3_summary_to_B,3,primary_gap_abs_vs_matched_b_control,0.0,0.0,0.0,0.4859,0.4678,-0.0181,-0.0444,-0.0151,0.0293,False,False,True,True
INFJ,ISTP,INFJ_to_ISTP,mbti_mcq,summary,A_summary_to_B,B_summary_to_B,A3_summary_to_B,B3_summary_to_B,3,osr_gap_abs_vs_matched_b_control,0.0,0.0,0.0,0.8925,0.9462,0.0537,-0.4194,-0.4731,-0.0537,False,False,False,False
INFJ,ISTP,INFJ_to_ISTP,machine_mindset,summary,A_summary_to_B,B_summary_to_B,A3_summary_to_B,B3_summary_to_B,3,primary_gap_abs_vs_matched_b_control,0.0265,0.021,-0.0055,0.2,0.3333,0.1333,-0.0563,-0.0548,0.0015,False,False,True,False
INFJ,ISTP,INFJ_to_ISTP,ifeval,summary,A_summary_to_B,B_summary_to_B,A3_summary_to_B,B3_summary_to_B,3,primary_gap_abs_vs_matched_b_control,0.1,0.1,0.0,0.5188,0.5061,-0.0127,-0.0866,-0.0415,0.0451,False,False,True,True
INFJ,ENFP,INFJ_to_ENFP,mbti_mcq,history,A_history_to_B,B_history_to_B,A3_history_to_B,B3_history_to_B,3,osr_gap_abs_vs_matched_b_control,0.0,0.25,0.25,0.914,0.8602,-0.0538,-0.2796,-0.1828,0.0968,True,True,True,True
INFJ,ENFP,INFJ_to_ENFP,mbti_mcq,summary,A_summary_to_B,B_summary_to_B,A3_summary_to_B,B3_summary_to_B,3,osr_gap_abs_vs_matched_b_control,0.0,0.0,0.0,0.9892,0.9785,-0.0107,-0.3978,-0.3441,0.0537,True,False,True,True
INFJ,ENFP,INFJ_to_ENFP,machine_mindset,history,A_history_to_B,B_history_to_B,A3_history_to_B,B3_history_to_B,3,primary_gap_abs_vs_matched_b_control,0.0327,0.028,-0.0047,0.4333,0.2333,-0.2,-0.0645,-0.05,0.0145,True,False,True,True
INFJ,ENFP,INFJ_to_ENFP,machine_mindset,summary,A_summary_to_B,B_summary_to_B,A3_summary_to_B,B3_summary_to_B,3,primary_gap_abs_vs_matched_b_control,0.0014,0.0176,0.0162,0.2667,0.2667,0.0,-0.0526,-0.0578,-0.0052,False,True,False,False
INFJ,ENFP,INFJ_to_ENFP,ifeval,history,A_history_to_B,B_history_to_B,A3_history_to_B,B3_history_to_B,3,primary_gap_abs_vs_matched_b_control,0.0334,0.0,-0.0334,0.5377,0.527,-0.0107,-0.0646,-0.0469,0.0177,False,False,True,True
INFJ,ENFP,INFJ_to_ENFP,ifeval,summary,A_summary_to_B,B_summary_to_B,A3_summary_to_B,B3_summary_to_B,3,primary_gap_abs_vs_matched_b_control,0.0333,0.0666,0.0333,0.4525,0.4399,-0.0126,-0.0379,0.01,0.0479,True,False,True,True
INFJ,ISTJ,INFJ_to_ISTJ,mbti_mcq,history,A_history_to_B,B_history_to_B,A3_history_to_B,B3_history_to_B,3,osr_gap_abs_vs_matched_b_control,0.0,0.0,0.0,0.9247,0.8925,-0.0322,-0.4194,-0.3548,0.0646,True,False,True,True
INFJ,ISTJ,INFJ_to_ISTJ,mbti_mcq,summary,A_summary_to_B,B_summary_to_B,A3_summary_to_B,B3_summary_to_B,3,osr_gap_abs_vs_matched_b_control,0.0,0.0,0.0,0.9892,0.9677,-0.0215,-0.5699,-0.5376,0.0323,True,False,True,True
INFJ,ISTJ,INFJ_to_ISTJ,machine_mindset,history,A_history_to_B,B_history_to_B,A3_history_to_B,B3_history_to_B,3,primary_gap_abs_vs_matched_b_control,0.0154,0.0137,-0.0017,0.3333,0.4333,0.1,-0.0649,-0.063,0.0019,False,False,True,False
INFJ,ISTJ,INFJ_to_ISTJ,machine_mindset,summary,A_summary_to_B,B_summary_to_B,A3_summary_to_B,B3_summary_to_B,3,primary_gap_abs_vs_matched_b_control,0.0208,0.0281,0.0073,0.3667,0.3,-0.0667,-0.0709,-0.082,-0.0111,True,True,False,True
INFJ,ISTJ,INFJ_to_ISTJ,ifeval,history,A_history_to_B,B_history_to_B,A3_history_to_B,B3_history_to_B,3,primary_gap_abs_vs_matched_b_control,0.0667,0.0667,0.0,0.5076,0.503,-0.0046,-0.0153,-0.0126,0.0027,False,False,True,True
INFJ,ISTJ,INFJ_to_ISTJ,ifeval,summary,A_summary_to_B,B_summary_to_B,A3_summary_to_B,B3_summary_to_B,3,primary_gap_abs_vs_matched_b_control,0.0333,0.0,-0.0333,0.4945,0.4876,-0.0069,-0.024,-0.0099,0.0141,False,False,True,True
INFJ,ESFJ,INFJ_to_ESFJ,mbti_mcq,history,A_history_to_B,B_history_to_B,A3_history_to_B,B3_history_to_B,3,osr_gap_abs_vs_matched_b_control,0.0,0.0,0.0,0.9032,0.8602,-0.043,-0.3226,-0.2581,0.0645,True,False,True,True
INFJ,ESFJ,INFJ_to_ESFJ,mbti_mcq,summary,A_summary_to_B,B_summary_to_B,A3_summary_to_B,B3_summary_to_B,3,osr_gap_abs_vs_matched_b_control,0.0,0.0,0.0,0.914,0.9355,0.0215,-0.3763,-0.4194,-0.0431,False,False,False,False
INFJ,ESFJ,INFJ_to_ESFJ,machine_mindset,history,A_history_to_B,B_history_to_B,A3_history_to_B,B3_history_to_B,3,primary_gap_abs_vs_matched_b_control,0.0003,0.0203,0.02,0.4,0.4,0.0,-0.0276,-0.0247,0.0029,False,True,True,True
INFJ,ESFJ,INFJ_to_ESFJ,machine_mindset,summary,A_summary_to_B,B_summary_to_B,A3_summary_to_B,B3_summary_to_B,3,primary_gap_abs_vs_matched_b_control,0.008,0.0148,0.0068,0.5667,0.3,-0.2667,-0.0302,-0.0386,-0.0084,True,True,False,True
INFJ,ESFJ,INFJ_to_ESFJ,ifeval,history,A_history_to_B,B_history_to_B,A3_history_to_B,B3_history_to_B,3,primary_gap_abs_vs_matched_b_control,0.1,0.0666,-0.0334,0.4837,0.5279,0.0442,-0.0233,-0.0589,-0.0356,False,False,False,False
INFJ,ESFJ,INFJ_to_ESFJ,ifeval,summary,A_summary_to_B,B_summary_to_B,A3_summary_to_B,B3_summary_to_B,3,primary_gap_abs_vs_matched_b_control,0.0667,0.0667,0.0,0.4902,0.4479,-0.0423,-0.0872,-0.0129,0.0743,False,False,True,True
INFJ,ESTJ,INFJ_to_ESTJ,mbti_mcq,history,A_history_to_B,B_history_to_B,A3_history_to_B,B3_history_to_B,3,osr_gap_abs_vs_matched_b_control,0.0,0.0,0.0,0.8065,0.7849,-0.0216,-0.3763,-0.3441,0.0322,True,False,True,True
INFJ,ESTJ,INFJ_to_ESTJ,mbti_mcq,summary,A_summary_to_B,B_summary_to_B,A3_summary_to_B,B3_summary_to_B,3,osr_gap_abs_vs_matched_b_control,0.0,0.0,0.0,0.9355,0.9247,-0.0108,-0.6559,-0.6774,-0.0215,True,False,False,False
INFJ,ESTJ,INFJ_to_ESTJ,machine_mindset,history,A_history_to_B,B_history_to_B,A3_history_to_B,B3_history_to_B,3,primary_gap_abs_vs_matched_b_control,0.0249,0.0156,-0.0093,0.3333,0.3667,0.0334,-0.0444,-0.0536,-0.0092,False,False,False,False
INFJ,ESTJ,INFJ_to_ESTJ,machine_mindset,summary,A_summary_to_B,B_summary_to_B,A3_summary_to_B,B3_summary_to_B,3,primary_gap_abs_vs_matched_b_control,0.0165,0.0149,-0.0016,0.3667,0.2333,-0.1334,-0.087,-0.0963,-0.0093,True,False,False,False
INFJ,ESTJ,INFJ_to_ESTJ,ifeval,history,A_history_to_B,B_history_to_B,A3_history_to_B,B3_history_to_B,3,primary_gap_abs_vs_matched_b_control,0.1,0.0333,-0.0667,0.4891,0.5303,0.0412,-0.0112,-0.0456,-0.0344,False,False,False,False
INFJ,ESTJ,INFJ_to_ESTJ,ifeval,summary,A_summary_to_B,B_summary_to_B,A3_summary_to_B,B3_summary_to_B,3,primary_gap_abs_vs_matched_b_control,0.0334,0.0333,-0.0001,0.511,0.5214,0.0104,-0.0468,-0.0555,-0.0087,False,False,False,False
ENTJ,ESTJ,ENTJ_to_ESTJ,mbti_mcq,history,A_history_to_B,B_history_to_B,A3_history_to_B,B3_history_to_B,3,osr_gap_abs_vs_matched_b_control,0.0,0.0,0.0,0.9032,0.914,0.0108,-0.0538,-0.0645,-0.0107,False,False,False,False
ENTJ,ESTJ,ENTJ_to_ESTJ,mbti_mcq,summary,A_summary_to_B,B_summary_to_B,A3_summary_to_B,B3_summary_to_B,3,osr_gap_abs_vs_matched_b_control,0.0,0.0,0.0,0.9355,0.9247,-0.0108,-0.1398,-0.1183,0.0215,True,False,True,True
ENTJ,ESTJ,ENTJ_to_ESTJ,machine_mindset,history,A_history_to_B,B_history_to_B,A3_history_to_B,B3_history_to_B,3,primary_gap_abs_vs_matched_b_control,0.0695,0.0232,-0.0463,0.3333,0.3667,0.0334,0.0059,-0.0019,-0.0078,False,False,False,False
ENTJ,ESTJ,ENTJ_to_ESTJ,machine_mindset,summary,A_summary_to_B,B_summary_to_B,A3_summary_to_B,B3_summary_to_B,3,primary_gap_abs_vs_matched_b_control,0.0204,0.0293,0.0089,0.2667,0.4667,0.2,-0.0305,-0.0323,-0.0018,False,True,False,False
ENTJ,ESTJ,ENTJ_to_ESTJ,ifeval,history,A_history_to_B,B_history_to_B,A3_history_to_B,B3_history_to_B,3,primary_gap_abs_vs_matched_b_control,0.0667,0.0334,-0.0333,0.4822,0.5556,0.0734,0.0118,-0.0663,-0.0781,False,False,False,False
ENTJ,ESTJ,ENTJ_to_ESTJ,ifeval,summary,A_summary_to_B,B_summary_to_B,A3_summary_to_B,B3_summary_to_B,3,primary_gap_abs_vs_matched_b_control,0.0334,0.0,-0.0334,0.4524,0.5047,0.0523,0.0097,-0.0444,-0.0541,False,False,False,False
ISTP,INTJ,ISTP_to_INTJ,mbti_mcq,history,A_history_to_B,B_history_to_B,A3_history_to_B,B3_history_to_B,3,osr_gap_abs_vs_matched_b_control,0.0,0.25,0.25,0.9462,0.8925,-0.0537,-0.2366,-0.2043,0.0323,True,True,True,True
ISTP,INTJ,ISTP_to_INTJ,mbti_mcq,summary,A_summary_to_B,B_summary_to_B,A3_summary_to_B,B3_summary_to_B,3,osr_gap_abs_vs_matched_b_control,0.0,0.0,0.0,0.914,0.9355,0.0215,-0.2688,-0.2581,0.0107,False,False,True,False
ISTP,INTJ,ISTP_to_INTJ,machine_mindset,history,A_history_to_B,B_history_to_B,A3_history_to_B,B3_history_to_B,3,primary_gap_abs_vs_matched_b_control,0.0237,0.0034,-0.0203,0.2333,0.4667,0.2334,-0.0385,-0.0308,0.0077,False,False,True,False
ISTP,INTJ,ISTP_to_INTJ,machine_mindset,summary,A_summary_to_B,B_summary_to_B,A3_summary_to_B,B3_summary_to_B,3,primary_gap_abs_vs_matched_b_control,0.0072,0.024,0.0168,0.2667,0.2667,0.0,-0.0512,-0.0312,0.02,False,True,True,True
ISTP,INTJ,ISTP_to_INTJ,ifeval,history,A_history_to_B,B_history_to_B,A3_history_to_B,B3_history_to_B,3,primary_gap_abs_vs_matched_b_control,0.0666,0.0667,0.0001,0.5286,0.5396,0.011,-0.0707,-0.095,-0.0243,True,False,False,False
ISTP,INTJ,ISTP_to_INTJ,ifeval,summary,A_summary_to_B,B_summary_to_B,A3_summary_to_B,B3_summary_to_B,3,primary_gap_abs_vs_matched_b_control,0.0333,0.0666,0.0333,0.4856,0.5172,0.0316,-0.0648,-0.0873,-0.0225,True,False,False,False
ISTP,INFJ,ISTP_to_INFJ,mbti_mcq,history,A_history_to_B,B_history_to_B,A3_history_to_B,B3_history_to_B,3,osr_gap_abs_vs_matched_b_control,0.0,0.5,0.5,0.828,0.6989,-0.1291,-0.2796,-0.0753,0.2043,True,True,True,True
ISTP,INFJ,ISTP_to_INFJ,mbti_mcq,summary,A_summary_to_B,B_summary_to_B,A3_summary_to_B,B3_summary_to_B,3,osr_gap_abs_vs_matched_b_control,0.0,0.0,0.0,0.957,0.9355,-0.0215,-0.5054,-0.4516,0.0538,True,False,True,True
ISTP,INFJ,ISTP_to_INFJ,machine_mindset,history,A_history_to_B,B_history_to_B,A3_history_to_B,B3_history_to_B,3,primary_gap_abs_vs_matched_b_control,0.0403,0.0343,-0.006,0.1333,0.1667,0.0334,-0.0109,0.0073,0.0182,False,False,True,False
ISTP,INFJ,ISTP_to_INFJ,machine_mindset,summary,A_summary_to_B,B_summary_to_B,A3_summary_to_B,B3_summary_to_B,3,primary_gap_abs_vs_matched_b_control,0.0242,0.0173,-0.0069,0.4,0.1333,-0.2667,-0.0359,-0.0226,0.0133,True,False,True,True
ISTP,INFJ,ISTP_to_INFJ,ifeval,history,A_history_to_B,B_history_to_B,A3_history_to_B,B3_history_to_B,3,primary_gap_abs_vs_matched_b_control,0.0333,0.0,-0.0333,0.4988,0.5358,0.037,-0.0525,-0.0815,-0.029,False,False,False,False
ISTP,INFJ,ISTP_to_INFJ,ifeval,summary,A_summary_to_B,B_summary_to_B,A3_summary_to_B,B3_summary_to_B,3,primary_gap_abs_vs_matched_b_control,0.0666,0.0667,0.0001,0.477,0.506,0.029,-0.0107,-0.0809,-0.0702,True,False,False,False
ISTP,ENFJ,ISTP_to_ENFJ,mbti_mcq,history,A_history_to_B,B_history_to_B,A3_history_to_B,B3_history_to_B,3,osr_gap_abs_vs_matched_b_control,0.0,0.5,0.5,0.871,0.6774,-0.1936,-0.5161,-0.2151,0.301,True,True,True,True
ISTP,ENFJ,ISTP_to_ENFJ,mbti_mcq,summary,A_summary_to_B,B_summary_to_B,A3_summary_to_B,B3_summary_to_B,3,osr_gap_abs_vs_matched_b_control,0.0,0.0,0.0,0.9247,0.914,-0.0107,-0.6022,-0.5806,0.0216,True,False,True,True
ISTP,ENFJ,ISTP_to_ENFJ,machine_mindset,history,A_history_to_B,B_history_to_B,A3_history_to_B,B3_history_to_B,3,primary_gap_abs_vs_matched_b_control,0.0333,0.0254,-0.0079,0.2667,0.2333,-0.0334,-0.0316,-0.0312,0.0004,True,False,True,True
ISTP,ENFJ,ISTP_to_ENFJ,machine_mindset,summary,A_summary_to_B,B_summary_to_B,A3_summary_to_B,B3_summary_to_B,3,primary_gap_abs_vs_matched_b_control,0.0347,0.0015,-0.0332,0.3667,0.3,-0.0667,-0.0706,-0.0611,0.0095,True,False,True,True
ISTP,ENFJ,ISTP_to_ENFJ,ifeval,history,A_history_to_B,B_history_to_B,A3_history_to_B,B3_history_to_B,3,primary_gap_abs_vs_matched_b_control,0.0333,0.0333,0.0,0.5024,0.5386,0.0362,-0.0724,-0.0928,-0.0204,False,False,False,False
ISTP,ENFJ,ISTP_to_ENFJ,ifeval,summary,A_summary_to_B,B_summary_to_B,A3_summary_to_B,B3_summary_to_B,3,primary_gap_abs_vs_matched_b_control,0.0667,0.0333,-0.0334,0.467,0.496,0.029,-0.0328,-0.0469,-0.0141,False,False,False,False
ISTP,ISFJ,ISTP_to_ISFJ,mbti_mcq,history,A_history_to_B,B_history_to_B,A3_history_to_B,B3_history_to_B,3,osr_gap_abs_vs_matched_b_control,0.0,0.25,0.25,0.8817,0.8387,-0.043,-0.2903,-0.1935,0.0968,True,True,True,True
ISTP,ISFJ,ISTP_to_ISFJ,mbti_mcq,summary,A_summary_to_B,B_summary_to_B,A3_summary_to_B,B3_summary_to_B,3,osr_gap_abs_vs_matched_b_control,0.0,0.0,0.0,0.9247,0.9247,0.0,-0.3763,-0.3763,0.0,False,False,False,False
ISTP,ISFJ,ISTP_to_ISFJ,machine_mindset,history,A_history_to_B,B_history_to_B,A3_history_to_B,B3_history_to_B,3,primary_gap_abs_vs_matched_b_control,0.0056,0.0297,0.0241,0.3,0.3333,0.0333,-0.0436,-0.0342,0.0094,False,True,True,True
ISTP,ISFJ,ISTP_to_ISFJ,machine_mindset,summary,A_summary_to_B,B_summary_to_B,A3_summary_to_B,B3_summary_to_B,3,primary_gap_abs_vs_matched_b_control,0.0034,0.0261,0.0227,0.3667,0.3,-0.0667,-0.0695,-0.0532,0.0163,True,True,True,True
ISTP,ISFJ,ISTP_to_ISFJ,ifeval,history,A_history_to_B,B_history_to_B,A3_history_to_B,B3_history_to_B,3,primary_gap_abs_vs_matched_b_control,0.1,0.0334,-0.0666,0.5176,0.5209,0.0033,-0.0745,-0.0583,0.0162,False,False,True,False
ISTP,ISFJ,ISTP_to_ISFJ,ifeval,summary,A_summary_to_B,B_summary_to_B,A3_summary_to_B,B3_summary_to_B,3,primary_gap_abs_vs_matched_b_control,0.0,0.0667,0.0667,0.4964,0.4972,0.0008,-0.0545,-0.034,0.0205,True,False,True,True
ISTP,ENTP,ISTP_to_ENTP,mbti_mcq,history,A_history_to_B,B_history_to_B,A3_history_to_B,B3_history_to_B,3,osr_gap_abs_vs_matched_b_control,0.0,0.25,0.25,0.9032,0.8602,-0.043,-0.3226,-0.2903,0.0323,True,True,True,True
ISTP,ENTP,ISTP_to_ENTP,mbti_mcq,summary,A_summary_to_B,B_summary_to_B,A3_summary_to_B,B3_summary_to_B,3,osr_gap_abs_vs_matched_b_control,0.0,0.0,0.0,0.9462,0.9247,-0.0215,-0.3978,-0.3656,0.0322,True,False,True,True
ISTP,ENTP,ISTP_to_ENTP,machine_mindset,history,A_history_to_B,B_history_to_B,A3_history_to_B,B3_history_to_B,3,primary_gap_abs_vs_matched_b_control,0.0098,0.0033,-0.0065,0.2,0.4,0.2,-0.0491,-0.0379,0.0112,False,False,True,False
ISTP,ENTP,ISTP_to_ENTP,machine_mindset,summary,A_summary_to_B,B_summary_to_B,A3_summary_to_B,B3_summary_to_B,3,primary_gap_abs_vs_matched_b_control,0.0135,0.0375,0.024,0.3667,0.4333,0.0666,-0.0496,-0.058,-0.0084,False,True,False,False
ISTP,ENTP,ISTP_to_ENTP,ifeval,history,A_history_to_B,B_history_to_B,A3_history_to_B,B3_history_to_B,3,primary_gap_abs_vs_matched_b_control,0.0333,0.0333,0.0,0.4929,0.5347,0.0418,-0.0414,-0.0572,-0.0158,False,False,False,False
ISTP,ENTP,ISTP_to_ENTP,ifeval,summary,A_summary_to_B,B_summary_to_B,A3_summary_to_B,B3_summary_to_B,3,primary_gap_abs_vs_matched_b_control,0.0667,0.0333,-0.0334,0.4715,0.4492,-0.0223,-0.0397,-0.0082,0.0315,False,False,True,True
ISTP,ENFP,ISTP_to_ENFP,mbti_mcq,history,A_history_to_B,B_history_to_B,A3_history_to_B,B3_history_to_B,3,osr_gap_abs_vs_matched_b_control,0.0,0.5,0.5,0.828,0.6882,-0.1398,-0.4086,-0.2258,0.1828,True,True,True,True
ISTP,ENFP,ISTP_to_ENFP,mbti_mcq,summary,A_summary_to_B,B_summary_to_B,A3_summary_to_B,B3_summary_to_B,3,osr_gap_abs_vs_matched_b_control,0.0,0.0,0.0,0.9677,0.9355,-0.0322,-0.6344,-0.6022,0.0322,True,False,True,True
ISTP,ENFP,ISTP_to_ENFP,machine_mindset,history,A_history_to_B,B_history_to_B,A3_history_to_B,B3_history_to_B,3,primary_gap_abs_vs_matched_b_control,0.0039,0.0136,0.0097,0.1667,0.1667,0.0,-0.0568,-0.0305,0.0263,False,True,True,True
ISTP,ENFP,ISTP_to_ENFP,machine_mindset,summary,A_summary_to_B,B_summary_to_B,A3_summary_to_B,B3_summary_to_B,3,primary_gap_abs_vs_matched_b_control,0.0187,0.0211,0.0024,0.3333,0.3333,0.0,-0.0675,-0.058,0.0095,False,True,True,True
ISTP,ENFP,ISTP_to_ENFP,ifeval,history,A_history_to_B,B_history_to_B,A3_history_to_B,B3_history_to_B,3,primary_gap_abs_vs_matched_b_control,0.0,0.0333,0.0333,0.4779,0.5342,0.0563,-0.0319,-0.0903,-0.0584,True,False,False,False
ISTP,ENFP,ISTP_to_ENFP,ifeval,summary,A_summary_to_B,B_summary_to_B,A3_summary_to_B,B3_summary_to_B,3,primary_gap_abs_vs_matched_b_control,0.0333,0.0333,0.0,0.4322,0.4229,-0.0093,-0.0136,-0.0187,-0.0051,False,False,False,False
ISTP,ISTJ,ISTP_to_ISTJ,mbti_mcq,history,A_history_to_B,B_history_to_B,A3_history_to_B,B3_history_to_B,3,osr_gap_abs_vs_matched_b_control,0.0,0.0,0.0,0.9785,0.9677,-0.0108,-0.2688,-0.2688,0.0,True,False,False,False
ISTP,ISTJ,ISTP_to_ISTJ,mbti_mcq,summary,A_summary_to_B,B_summary_to_B,A3_summary_to_B,B3_summary_to_B,3,osr_gap_abs_vs_matched_b_control,0.0,0.0,0.0,0.9785,0.9785,0.0,-0.3118,-0.2796,0.0322,False,False,True,False
ISTP,ISTJ,ISTP_to_ISTJ,machine_mindset,history,A_history_to_B,B_history_to_B,A3_history_to_B,B3_history_to_B,3,primary_gap_abs_vs_matched_b_control,0.0292,0.0329,0.0037,0.3333,0.4333,0.1,-0.0458,-0.0341,0.0117,False,True,True,True
ISTP,ISTJ,ISTP_to_ISTJ,machine_mindset,summary,A_summary_to_B,B_summary_to_B,A3_summary_to_B,B3_summary_to_B,3,primary_gap_abs_vs_matched_b_control,0.0111,0.0177,0.0066,0.3,0.2333,-0.0667,-0.0442,-0.0354,0.0088,True,True,True,True
ISTP,ISTJ,ISTP_to_ISTJ,ifeval,history,A_history_to_B,B_history_to_B,A3_history_to_B,B3_history_to_B,3,primary_gap_abs_vs_matched_b_control,0.0667,0.0667,0.0,0.5161,0.5358,0.0197,-0.067,-0.1206,-0.0536,False,False,False,False
ISTP,ISTJ,ISTP_to_ISTJ,ifeval,summary,A_summary_to_B,B_summary_to_B,A3_summary_to_B,B3_summary_to_B,3,primary_gap_abs_vs_matched_b_control,0.0333,0.0,-0.0333,0.4972,0.5023,0.0051,-0.0407,-0.0474,-0.0067,False,False,False,False
ISTP,INFP,ISTP_to_INFP,mbti_mcq,history,A_history_to_B,B_history_to_B,A3_history_to_B,B3_history_to_B,3,osr_gap_abs_vs_matched_b_control,0.0,0.5,0.5,0.828,0.5806,-0.2474,-0.2258,-0.0215,0.2043,True,True,True,True
ISTP,INFP,ISTP_to_INFP,mbti_mcq,summary,A_summary_to_B,B_summary_to_B,A3_summary_to_B,B3_summary_to_B,3,osr_gap_abs_vs_matched_b_control,0.0,0.0,0.0,0.8925,0.9247,0.0322,-0.3763,-0.4301,-0.0538,False,False,False,False
ISTP,INFP,ISTP_to_INFP,machine_mindset,history,A_history_to_B,B_history_to_B,A3_history_to_B,B3_history_to_B,3,primary_gap_abs_vs_matched_b_control,0.0077,0.0254,0.0177,0.2333,0.1667,-0.0666,-0.0211,-0.0043,0.0168,True,True,True,True
ISTP,INFP,ISTP_to_INFP,machine_mindset,summary,A_summary_to_B,B_summary_to_B,A3_summary_to_B,B3_summary_to_B,3,primary_gap_abs_vs_matched_b_control,0.0272,0.0333,0.0061,0.4667,0.2,-0.2667,-0.0635,-0.0396,0.0239,True,True,True,True
ISTP,INFP,ISTP_to_INFP,ifeval,history,A_history_to_B,B_history_to_B,A3_history_to_B,B3_history_to_B,3,primary_gap_abs_vs_matched_b_control,0.0334,0.0,-0.0334,0.5085,0.5298,0.0213,-0.0766,-0.0875,-0.0109,False,False,False,False
ISTP,INFP,ISTP_to_INFP,ifeval,summary,A_summary_to_B,B_summary_to_B,A3_summary_to_B,B3_summary_to_B,3,primary_gap_abs_vs_matched_b_control,0.1,0.0333,-0.0667,0.492,0.4585,-0.0335,-0.0378,-0.0056,0.0322,False,False,True,True
ISTP,ESFJ,ISTP_to_ESFJ,mbti_mcq,history,A_history_to_B,B_history_to_B,A3_history_to_B,B3_history_to_B,3,osr_gap_abs_vs_matched_b_control,0.0,0.25,0.25,0.8602,0.7527,-0.1075,-0.4731,-0.2366,0.2365,True,True,True,True
ISTP,ESFJ,ISTP_to_ESFJ,mbti_mcq,summary,A_summary_to_B,B_summary_to_B,A3_summary_to_B,B3_summary_to_B,3,osr_gap_abs_vs_matched_b_control,0.0,0.0,0.0,0.9355,0.9247,-0.0108,-0.5699,-0.5914,-0.0215,True,False,False,False
ISTP,ESFJ,ISTP_to_ESFJ,machine_mindset,history,A_history_to_B,B_history_to_B,A3_history_to_B,B3_history_to_B,3,primary_gap_abs_vs_matched_b_control,0.0041,0.0102,0.0061,0.4667,0.2667,-0.2,-0.0627,-0.0299,0.0328,True,True,True,True
ISTP,ESFJ,ISTP_to_ESFJ,machine_mindset,summary,A_summary_to_B,B_summary_to_B,A3_summary_to_B,B3_summary_to_B,3,primary_gap_abs_vs_matched_b_control,0.0108,0.0223,0.0115,0.3333,0.5,0.1667,-0.0663,-0.0741,-0.0078,False,True,False,False
ISTP,ESFJ,ISTP_to_ESFJ,ifeval,history,A_history_to_B,B_history_to_B,A3_history_to_B,B3_history_to_B,3,primary_gap_abs_vs_matched_b_control,0.0,0.0,0.0,0.4767,0.5241,0.0474,-0.0498,-0.0727,-0.0229,False,False,False,False
ISTP,ESFJ,ISTP_to_ESFJ,ifeval,summary,A_summary_to_B,B_summary_to_B,A3_summary_to_B,B3_summary_to_B,3,primary_gap_abs_vs_matched_b_control,0.0667,0.0333,-0.0334,0.4867,0.4216,-0.0651,-0.0697,0.0144,0.0841,False,False,True,True
ISTP,ESTJ,ISTP_to_ESTJ,mbti_mcq,history,A_history_to_B,B_history_to_B,A3_history_to_B,B3_history_to_B,3,osr_gap_abs_vs_matched_b_control,0.0,0.0,0.0,0.914,0.9355,0.0215,-0.3978,-0.3871,0.0107,False,False,True,False
ISTP,ESTJ,ISTP_to_ESTJ,mbti_mcq,summary,A_summary_to_B,B_summary_to_B,A3_summary_to_B,B3_summary_to_B,3,osr_gap_abs_vs_matched_b_control,0.0,0.0,0.0,0.957,0.9355,-0.0215,-0.4409,-0.3978,0.0431,True,False,True,True
ISTP,ESTJ,ISTP_to_ESTJ,machine_mindset,history,A_history_to_B,B_history_to_B,A3_history_to_B,B3_history_to_B,3,primary_gap_abs_vs_matched_b_control,0.0112,0.0256,0.0144,0.3667,0.3,-0.0667,-0.0582,-0.051,0.0072,True,True,True,True
ISTP,ESTJ,ISTP_to_ESTJ,machine_mindset,summary,A_summary_to_B,B_summary_to_B,A3_summary_to_B,B3_summary_to_B,3,primary_gap_abs_vs_matched_b_control,0.0141,0.0102,-0.0039,0.3667,0.3333,-0.0334,-0.0688,-0.0641,0.0047,True,False,True,True
ISTP,ESTJ,ISTP_to_ESTJ,ifeval,history,A_history_to_B,B_history_to_B,A3_history_to_B,B3_history_to_B,3,primary_gap_abs_vs_matched_b_control,0.0333,0.1,0.0667,0.5029,0.5166,0.0137,-0.0315,-0.0748,-0.0433,True,False,False,False
ISTP,ESTJ,ISTP_to_ESTJ,ifeval,summary,A_summary_to_B,B_summary_to_B,A3_summary_to_B,B3_summary_to_B,3,primary_gap_abs_vs_matched_b_control,0.1,0.0333,-0.0667,0.528,0.5136,-0.0144,-0.0668,-0.0618,0.005,False,False,True,True
ENFP,INFJ,ENFP_to_INFJ,mbti_mcq,history,A_history_to_B,B_history_to_B,A3_history_to_B,B3_history_to_B,3,osr_gap_abs_vs_matched_b_control,0.0,0.5,0.5,0.828,0.6452,-0.1828,-0.0968,0.2151,0.3119,True,True,True,True
ENFP,INFJ,ENFP_to_INFJ,mbti_mcq,summary,A_summary_to_B,B_summary_to_B,A3_summary_to_B,B3_summary_to_B,3,osr_gap_abs_vs_matched_b_control,0.0,0.0,0.0,0.9355,0.8495,-0.086,-0.3656,-0.1613,0.2043,True,False,True,True
ENFP,INFJ,ENFP_to_INFJ,machine_mindset,history,A_history_to_B,B_history_to_B,A3_history_to_B,B3_history_to_B,3,primary_gap_abs_vs_matched_b_control,0.0295,0.0459,0.0164,0.4333,0.1667,-0.2666,0.012,0.0158,0.0038,True,True,True,True
ENFP,INFJ,ENFP_to_INFJ,machine_mindset,summary,A_summary_to_B,B_summary_to_B,A3_summary_to_B,B3_summary_to_B,3,primary_gap_abs_vs_matched_b_control,0.0101,0.0591,0.049,0.5333,0.1667,-0.3666,-0.0061,0.0189,0.025,True,True,True,True
ENFP,INFJ,ENFP_to_INFJ,ifeval,history,A_history_to_B,B_history_to_B,A3_history_to_B,B3_history_to_B,3,primary_gap_abs_vs_matched_b_control,0.0,0.0333,0.0333,0.5056,0.4659,-0.0397,-0.0517,-0.0183,0.0334,True,False,True,True
ENFP,INFJ,ENFP_to_INFJ,ifeval,summary,A_summary_to_B,B_summary_to_B,A3_summary_to_B,B3_summary_to_B,3,primary_gap_abs_vs_matched_b_control,0.0333,0.0667,0.0334,0.4822,0.495,0.0128,0.0068,-0.0616,-0.0684,True,False,False,False
ENFP,ENTP,ENFP_to_ENTP,mbti_mcq,history,A_history_to_B,B_history_to_B,A3_history_to_B,B3_history_to_B,3,osr_gap_abs_vs_matched_b_control,0.0,0.25,0.25,0.8817,0.7312,-0.1505,-0.043,0.2151,0.2581,True,True,True,True
ENFP,ENTP,ENFP_to_ENTP,mbti_mcq,summary,A_summary_to_B,B_summary_to_B,A3_summary_to_B,B3_summary_to_B,3,osr_gap_abs_vs_matched_b_control,0.0,0.0,0.0,0.9247,0.9677,0.043,-0.1935,-0.2473,-0.0538,False,False,False,False
ENFP,ENTP,ENFP_to_ENTP,machine_mindset,history,A_history_to_B,B_history_to_B,A3_history_to_B,B3_history_to_B,3,primary_gap_abs_vs_matched_b_control,0.0014,0.0007,-0.0007,0.3333,0.2333,-0.1,-0.0127,0.003,0.0157,True,False,True,True
ENFP,ENTP,ENFP_to_ENTP,machine_mindset,summary,A_summary_to_B,B_summary_to_B,A3_summary_to_B,B3_summary_to_B,3,primary_gap_abs_vs_matched_b_control,0.0235,0.0056,-0.0179,0.3667,0.3333,-0.0334,-0.0186,-0.0178,0.0008,True,False,True,True
ENFP,ENTP,ENFP_to_ENTP,ifeval,history,A_history_to_B,B_history_to_B,A3_history_to_B,B3_history_to_B,3,primary_gap_abs_vs_matched_b_control,0.0,0.0,0.0,0.4889,0.535,0.0461,-0.0464,-0.097,-0.0506,False,False,False,False
ENFP,ENTP,ENFP_to_ENTP,ifeval,summary,A_summary_to_B,B_summary_to_B,A3_summary_to_B,B3_summary_to_B,3,primary_gap_abs_vs_matched_b_control,0.0667,0.0333,-0.0334,0.4785,0.4401,-0.0384,-0.0455,-0.0092,0.0363,False,False,True,True
ESTJ,ISTJ,ESTJ_to_ISTJ,mbti_mcq,history,A_history_to_B,B_history_to_B,A3_history_to_B,B3_history_to_B,3,osr_gap_abs_vs_matched_b_control,0.0,0.0,0.0,0.9462,0.9247,-0.0215,-0.1183,-0.0968,0.0215,True,False,True,True
ESTJ,ISTJ,ESTJ_to_ISTJ,mbti_mcq,summary,A_summary_to_B,B_summary_to_B,A3_summary_to_B,B3_summary_to_B,3,osr_gap_abs_vs_matched_b_control,0.0,0.0,0.0,0.9677,0.9785,0.0108,-0.1828,-0.2151,-0.0323,False,False,False,False
ESTJ,ISTJ,ESTJ_to_ISTJ,machine_mindset,history,A_history_to_B,B_history_to_B,A3_history_to_B,B3_history_to_B,3,primary_gap_abs_vs_matched_b_control,0.07,0.0272,-0.0428,0.2667,0.5667,0.3,0.0288,0.0215,-0.0073,False,False,False,False
ESTJ,ISTJ,ESTJ_to_ISTJ,machine_mindset,summary,A_summary_to_B,B_summary_to_B,A3_summary_to_B,B3_summary_to_B,3,primary_gap_abs_vs_matched_b_control,0.017,0.0212,0.0042,0.6333,0.3667,-0.2666,-0.0228,-0.0061,0.0167,True,True,True,True
ESTJ,ISTJ,ESTJ_to_ISTJ,ifeval,history,A_history_to_B,B_history_to_B,A3_history_to_B,B3_history_to_B,3,primary_gap_abs_vs_matched_b_control,0.0333,0.0,-0.0333,0.5635,0.4791,-0.0844,-0.1129,-0.0154,0.0975,False,False,True,True
ESTJ,ISTJ,ESTJ_to_ISTJ,ifeval,summary,A_summary_to_B,B_summary_to_B,A3_summary_to_B,B3_summary_to_B,3,primary_gap_abs_vs_matched_b_control,0.0333,0.0334,0.0001,0.5159,0.4776,-0.0383,-0.0155,-0.0287,-0.0132,True,False,False,True
ENTP,ESTJ,ENTP_to_ESTJ,mbti_mcq,history,A_history_to_B,B_history_to_B,A3_history_to_B,B3_history_to_B,3,osr_gap_abs_vs_matched_b_control,0.5,0.5,0.0,0.5269,0.5806,0.0537,0.3871,0.3333,-0.0538,False,False,False,False
ENTP,ESTJ,ENTP_to_ESTJ,mbti_mcq,summary,A_summary_to_B,B_summary_to_B,A3_summary_to_B,B3_summary_to_B,3,osr_gap_abs_vs_matched_b_control,0.0,0.0,0.0,0.8172,0.8065,-0.0107,-0.1935,-0.172,0.0215,True,False,True,True
ENTP,ESTJ,ENTP_to_ESTJ,machine_mindset,history,A_history_to_B,B_history_to_B,A3_history_to_B,B3_history_to_B,3,primary_gap_abs_vs_matched_b_control,0.1249,0.0922,-0.0327,0.1333,0.1333,0.0,0.071,0.0523,-0.0187,False,False,False,False
ENTP,ESTJ,ENTP_to_ESTJ,machine_mindset,summary,A_summary_to_B,B_summary_to_B,A3_summary_to_B,B3_summary_to_B,3,primary_gap_abs_vs_matched_b_control,0.0318,0.0312,-0.0006,0.3,0.4333,0.1333,-0.0558,-0.0442,0.0116,False,False,True,False
ENTP,ESTJ,ENTP_to_ESTJ,ifeval,history,A_history_to_B,B_history_to_B,A3_history_to_B,B3_history_to_B,3,primary_gap_abs_vs_matched_b_control,0.0333,0.0333,0.0,0.4885,0.5162,0.0277,-0.0405,-0.07,-0.0295,False,False,False,False
ENTP,ESTJ,ENTP_to_ESTJ,ifeval,summary,A_summary_to_B,B_summary_to_B,A3_summary_to_B,B3_summary_to_B,3,primary_gap_abs_vs_matched_b_control,0.0,0.0334,0.0334,0.4728,0.505,0.0322,-0.0347,-0.0721,-0.0374,True,False,False,False
ENFP,INTJ,ENFP_to_INTJ,mbti_mcq,history,A_history_to_B,B_history_to_B,A3_history_to_B,B3_history_to_B,3,osr_gap_abs_vs_matched_b_control,0.25,0.75,0.5,0.6559,0.3011,-0.3548,-0.0538,0.6237,0.6775,True,True,True,True
ENFP,INTJ,ENFP_to_INTJ,mbti_mcq,summary,A_summary_to_B,B_summary_to_B,A3_summary_to_B,B3_summary_to_B,3,osr_gap_abs_vs_matched_b_control,0.0,0.0,0.0,0.914,0.9032,-0.0108,-0.6022,-0.5484,0.0538,True,False,True,True
ENFP,INTJ,ENFP_to_INTJ,machine_mindset,history,A_history_to_B,B_history_to_B,A3_history_to_B,B3_history_to_B,3,primary_gap_abs_vs_matched_b_control,0.0593,0.0746,0.0153,0.1667,0.0667,-0.1,-0.0142,0.0592,0.0734,True,True,True,True
ENFP,INTJ,ENFP_to_INTJ,machine_mindset,summary,A_summary_to_B,B_summary_to_B,A3_summary_to_B,B3_summary_to_B,3,primary_gap_abs_vs_matched_b_control,0.0047,0.0144,0.0097,0.3667,0.1667,-0.2,-0.0704,-0.0395,0.0309,True,True,True,True
ENFP,INTJ,ENFP_to_INTJ,ifeval,history,A_history_to_B,B_history_to_B,A3_history_to_B,B3_history_to_B,3,primary_gap_abs_vs_matched_b_control,0.0,0.0334,0.0334,0.4984,0.4839,-0.0145,-0.023,-0.0405,-0.0175,True,False,False,True
ENFP,INTJ,ENFP_to_INTJ,ifeval,summary,A_summary_to_B,B_summary_to_B,A3_summary_to_B,B3_summary_to_B,3,primary_gap_abs_vs_matched_b_control,0.0,0.0333,0.0333,0.4858,0.4813,-0.0045,-0.0372,-0.0363,0.0009,True,False,True,True
ENFP,ENFJ,ENFP_to_ENFJ,mbti_mcq,history,A_history_to_B,B_history_to_B,A3_history_to_B,B3_history_to_B,3,osr_gap_abs_vs_matched_b_control,0.25,0.25,0.0,0.8172,0.8065,-0.0107,0.0753,0.1398,0.0645,True,False,True,True
ENFP,ENFJ,ENFP_to_ENFJ,mbti_mcq,summary,A_summary_to_B,B_summary_to_B,A3_summary_to_B,B3_summary_to_B,3,osr_gap_abs_vs_matched_b_control,0.0,0.0,0.0,0.9247,0.914,-0.0107,-0.1398,-0.0538,0.086,True,False,True,True
ENFP,ENFJ,ENFP_to_ENFJ,machine_mindset,history,A_history_to_B,B_history_to_B,A3_history_to_B,B3_history_to_B,3,primary_gap_abs_vs_matched_b_control,0.0667,0.0609,-0.0058,0.1667,0.0667,-0.1,0.0368,0.0485,0.0117,True,False,True,True
ENFP,ENFJ,ENFP_to_ENFJ,machine_mindset,summary,A_summary_to_B,B_summary_to_B,A3_summary_to_B,B3_summary_to_B,3,primary_gap_abs_vs_matched_b_control,0.0369,0.0468,0.0099,0.3333,0.1333,-0.2,0.0063,0.0119,0.0056,True,True,True,True
ENFP,ENFJ,ENFP_to_ENFJ,ifeval,history,A_history_to_B,B_history_to_B,A3_history_to_B,B3_history_to_B,3,primary_gap_abs_vs_matched_b_control,0.0,0.0333,0.0333,0.4925,0.5219,0.0294,-0.0578,-0.0834,-0.0256,True,False,False,False
ENFP,ENFJ,ENFP_to_ENFJ,ifeval,summary,A_summary_to_B,B_summary_to_B,A3_summary_to_B,B3_summary_to_B,3,primary_gap_abs_vs_matched_b_control,0.0334,0.1,0.0666,0.4614,0.4512,-0.0102,-0.0399,-0.0239,0.016,True,False,True,True
ISTJ,INFJ,ISTJ_to_INFJ,mbti_mcq,history,A_history_to_B,B_history_to_B,A3_history_to_B,B3_history_to_B,3,osr_gap_abs_vs_matched_b_control,0.5,0.5,0.0,0.4624,0.4839,0.0215,0.4839,0.4731,-0.0108,False,False,False,False
ISTJ,INFJ,ISTJ_to_INFJ,mbti_mcq,summary,A_summary_to_B,B_summary_to_B,A3_summary_to_B,B3_summary_to_B,3,osr_gap_abs_vs_matched_b_control,0.0,0.0,0.0,0.8602,0.7849,-0.0753,-0.2796,-0.1183,0.1613,True,False,True,True
ISTJ,INFJ,ISTJ_to_INFJ,machine_mindset,history,A_history_to_B,B_history_to_B,A3_history_to_B,B3_history_to_B,3,primary_gap_abs_vs_matched_b_control,0.0807,0.0696,-0.0111,0.0333,0.1667,0.1334,0.0838,0.0924,0.0086,False,False,True,False
ISTJ,INFJ,ISTJ_to_INFJ,machine_mindset,summary,A_summary_to_B,B_summary_to_B,A3_summary_to_B,B3_summary_to_B,3,primary_gap_abs_vs_matched_b_control,0.0088,0.0062,-0.0026,0.2333,0.1667,-0.0666,-0.0678,-0.066,0.0018,True,False,True,True
ISTJ,INFJ,ISTJ_to_INFJ,ifeval,history,A_history_to_B,B_history_to_B,A3_history_to_B,B3_history_to_B,3,primary_gap_abs_vs_matched_b_control,0.0,0.1,0.1,0.506,0.5246,0.0186,-0.0427,-0.0632,-0.0205,True,False,False,False
ISTJ,INFJ,ISTJ_to_INFJ,ifeval,summary,A_summary_to_B,B_summary_to_B,A3_summary_to_B,B3_summary_to_B,3,primary_gap_abs_vs_matched_b_control,0.0,0.0333,0.0333,0.4387,0.4383,-0.0004,-0.0317,-0.0481,-0.0164,True,False,False,True
ISTJ,ENFJ,ISTJ_to_ENFJ,mbti_mcq,history,A_history_to_B,B_history_to_B,A3_history_to_B,B3_history_to_B,3,osr_gap_abs_vs_matched_b_control,0.75,0.75,0.0,0.3226,0.3011,-0.0215,0.6344,0.6559,0.0215,True,False,True,True
ISTJ,ENFJ,ISTJ_to_ENFJ,mbti_mcq,summary,A_summary_to_B,B_summary_to_B,A3_summary_to_B,B3_summary_to_B,3,osr_gap_abs_vs_matched_b_control,0.0,0.25,0.25,0.8817,0.7634,-0.1183,-0.4839,-0.2258,0.2581,True,True,True,True
ISTJ,ENFJ,ISTJ_to_ENFJ,machine_mindset,history,A_history_to_B,B_history_to_B,A3_history_to_B,B3_history_to_B,3,primary_gap_abs_vs_matched_b_control,0.1058,0.0813,-0.0245,0.0667,0.0667,0.0,0.0857,0.0835,-0.0022,False,False,False,False
ISTJ,ENFJ,ISTJ_to_ENFJ,machine_mindset,summary,A_summary_to_B,B_summary_to_B,A3_summary_to_B,B3_summary_to_B,3,primary_gap_abs_vs_matched_b_control,0.0026,0.0009,-0.0017,0.5333,0.4,-0.1333,-0.1172,-0.1109,0.0063,True,False,True,True
ISTJ,ENFJ,ISTJ_to_ENFJ,ifeval,history,A_history_to_B,B_history_to_B,A3_history_to_B,B3_history_to_B,3,primary_gap_abs_vs_matched_b_control,0.0333,0.1333,0.1,0.5272,0.5022,-0.025,-0.0603,-0.0317,0.0286,True,False,True,True
ISTJ,ENFJ,ISTJ_to_ENFJ,ifeval,summary,A_summary_to_B,B_summary_to_B,A3_summary_to_B,B3_summary_to_B,3,primary_gap_abs_vs_matched_b_control,0.0,0.1,0.1,0.4779,0.4678,-0.0101,-0.0771,-0.0754,0.0017,True,False,True,True
ISTJ,ISFJ,ISTJ_to_ISFJ,mbti_mcq,history,A_history_to_B,B_history_to_B,A3_history_to_B,B3_history_to_B,3,osr_gap_abs_vs_matched_b_control,0.25,0.25,0.0,0.7204,0.7849,0.0645,0.2151,0.1613,-0.0538,False,False,False,False
ISTJ,ISFJ,ISTJ_to_ISFJ,mbti_mcq,summary,A_summary_to_B,B_summary_to_B,A3_summary_to_B,B3_summary_to_B,3,osr_gap_abs_vs_matched_b_control,0.0,0.25,0.25,0.914,0.8495,-0.0645,-0.129,-0.0215,0.1075,True,True,True,True
ISTJ,ISFJ,ISTJ_to_ISFJ,machine_mindset,history,A_history_to_B,B_history_to_B,A3_history_to_B,B3_history_to_B,3,primary_gap_abs_vs_matched_b_control,0.0406,0.0381,-0.0025,0.2,0.2667,0.0667,0.0248,0.0381,0.0133,False,False,True,False
ISTJ,ISFJ,ISTJ_to_ISFJ,machine_mindset,summary,A_summary_to_B,B_summary_to_B,A3_summary_to_B,B3_summary_to_B,3,primary_gap_abs_vs_matched_b_control,0.0063,0.0096,0.0033,0.2667,0.2333,-0.0334,-0.0392,-0.0411,-0.0019,True,True,False,True
ISTJ,ISFJ,ISTJ_to_ISFJ,ifeval,history,A_history_to_B,B_history_to_B,A3_history_to_B,B3_history_to_B,3,primary_gap_abs_vs_matched_b_control,0.0333,0.0,-0.0333,0.5314,0.5048,-0.0266,-0.0966,-0.0375,0.0591,False,False,True,True
ISTJ,ISFJ,ISTJ_to_ISFJ,ifeval,summary,A_summary_to_B,B_summary_to_B,A3_summary_to_B,B3_summary_to_B,3,primary_gap_abs_vs_matched_b_control,0.0333,0.0333,0.0,0.4992,0.4702,-0.029,-0.0832,-0.0624,0.0208,False,False,True,True
ISTJ,ESFJ,ISTJ_to_ESFJ,mbti_mcq,history,A_history_to_B,B_history_to_B,A3_history_to_B,B3_history_to_B,3,osr_gap_abs_vs_matched_b_control,0.5,0.5,0.0,0.4731,0.5054,0.0323,0.4839,0.4409,-0.043,False,False,False,False
ISTJ,ESFJ,ISTJ_to_ESFJ,mbti_mcq,summary,A_summary_to_B,B_summary_to_B,A3_summary_to_B,B3_summary_to_B,3,osr_gap_abs_vs_matched_b_control,0.0,0.0,0.0,0.8495,0.8065,-0.043,-0.2151,-0.129,0.0861,True,False,True,True
ISTJ,ESFJ,ISTJ_to_ESFJ,machine_mindset,history,A_history_to_B,B_history_to_B,A3_history_to_B,B3_history_to_B,3,primary_gap_abs_vs_matched_b_control,0.0379,0.0346,-0.0033,0.1,0.1,0.0,0.0662,0.0769,0.0107,False,False,True,False
ISTJ,ESFJ,ISTJ_to_ESFJ,machine_mindset,summary,A_summary_to_B,B_summary_to_B,A3_summary_to_B,B3_summary_to_B,3,primary_gap_abs_vs_matched_b_control,0.0014,0.0018,0.0004,0.2333,0.1333,-0.1,-0.0601,-0.0679,-0.0078,True,True,False,True
ISTJ,ESFJ,ISTJ_to_ESFJ,ifeval,history,A_history_to_B,B_history_to_B,A3_history_to_B,B3_history_to_B,3,primary_gap_abs_vs_matched_b_control,0.0333,0.0334,0.0001,0.4665,0.4954,0.0289,-0.0088,-0.0449,-0.0361,True,False,False,False
ISTJ,ESFJ,ISTJ_to_ESFJ,ifeval,summary,A_summary_to_B,B_summary_to_B,A3_summary_to_B,B3_summary_to_B,3,primary_gap_abs_vs_matched_b_control,0.0667,0.0,-0.0667,0.4565,0.4479,-0.0086,-0.0829,-0.0231,0.0598,False,False,True,True
ISTJ,ESTJ,ISTJ_to_ESTJ,mbti_mcq,history,A_history_to_B,B_history_to_B,A3_history_to_B,B3_history_to_B,3,osr_gap_abs_vs_matched_b_control,0.25,0.25,0.0,0.8387,0.8065,-0.0322,0.1075,0.1398,0.0323,True,False,True,True
ISTJ,ESTJ,ISTJ_to_ESTJ,mbti_mcq,summary,A_summary_to_B,B_summary_to_B,A3_summary_to_B,B3_summary_to_B,3,osr_gap_abs_vs_matched_b_control,0.0,0.0,0.0,0.9032,0.9462,0.043,-0.0215,-0.1075,-0.086,False,False,False,False
ISTJ,ESTJ,ISTJ_to_ESTJ,machine_mindset,history,A_history_to_B,B_history_to_B,A3_history_to_B,B3_history_to_B,3,primary_gap_abs_vs_matched_b_control,0.005,0.0111,0.0061,0.3667,0.3667,0.0,-0.0069,0.0061,0.013,False,True,True,True
ISTJ,ESTJ,ISTJ_to_ESTJ,machine_mindset,summary,A_summary_to_B,B_summary_to_B,A3_summary_to_B,B3_summary_to_B,3,primary_gap_abs_vs_matched_b_control,0.0128,0.0357,0.0229,0.3667,0.5,0.1333,-0.0177,-0.0195,-0.0018,False,True,False,False
ISTJ,ESTJ,ISTJ_to_ESTJ,ifeval,history,A_history_to_B,B_history_to_B,A3_history_to_B,B3_history_to_B,3,primary_gap_abs_vs_matched_b_control,0.0333,0.0667,0.0334,0.5488,0.5408,-0.008,-0.0816,-0.0749,0.0067,True,False,True,True
ISTJ,ESTJ,ISTJ_to_ESTJ,ifeval,summary,A_summary_to_B,B_summary_to_B,A3_summary_to_B,B3_summary_to_B,3,primary_gap_abs_vs_matched_b_control,0.0667,0.0333,-0.0334,0.4822,0.4705,-0.0117,-0.0296,-0.0129,0.0167,False,False,True,True
INFP,INTJ,INFP_to_INTJ,mbti_mcq,history,A_history_to_B,B_history_to_B,A3_history_to_B,B3_history_to_B,3,osr_gap_abs_vs_matched_b_control,0.5,0.5,0.0,0.4946,0.4624,-0.0322,0.4731,0.4839,0.0108,True,False,True,True
INFP,INTJ,INFP_to_INTJ,mbti_mcq,summary,A_summary_to_B,B_summary_to_B,A3_summary_to_B,B3_summary_to_B,3,osr_gap_abs_vs_matched_b_control,0.0,0.0,0.0,0.828,0.8172,-0.0108,-0.2043,-0.1935,0.0108,True,False,True,True
INFP,INTJ,INFP_to_INTJ,machine_mindset,history,A_history_to_B,B_history_to_B,A3_history_to_B,B3_history_to_B,3,primary_gap_abs_vs_matched_b_control,0.0693,0.0556,-0.0137,0.0667,0.1,0.0333,0.0395,0.0571,0.0176,False,False,True,False
INFP,INTJ,INFP_to_INTJ,machine_mindset,summary,A_summary_to_B,B_summary_to_B,A3_summary_to_B,B3_summary_to_B,3,primary_gap_abs_vs_matched_b_control,0.0032,0.0096,0.0064,0.3,0.4,0.1,-0.0893,-0.0782,0.0111,False,True,True,True
INFP,INTJ,INFP_to_INTJ,ifeval,history,A_history_to_B,B_history_to_B,A3_history_to_B,B3_history_to_B,3,primary_gap_abs_vs_matched_b_control,0.0,0.0,0.0,0.4857,0.4915,0.0058,-0.01,-0.0169,-0.0069,False,False,False,False
INFP,INTJ,INFP_to_INTJ,ifeval,summary,A_summary_to_B,B_summary_to_B,A3_summary_to_B,B3_summary_to_B,3,primary_gap_abs_vs_matched_b_control,0.0,0.0667,0.0667,0.4537,0.454,0.0003,-0.038,-0.0396,-0.0016,True,False,False,False
INFP,INFJ,INFP_to_INFJ,mbti_mcq,history,A_history_to_B,B_history_to_B,A3_history_to_B,B3_history_to_B,3,osr_gap_abs_vs_matched_b_control,0.25,0.25,0.0,0.8065,0.7634,-0.0431,0.1505,0.1828,0.0323,True,False,True,True
INFP,INFJ,INFP_to_INFJ,mbti_mcq,summary,A_summary_to_B,B_summary_to_B,A3_summary_to_B,B3_summary_to_B,3,osr_gap_abs_vs_matched_b_control,0.0,0.25,0.25,0.9032,0.8387,-0.0645,-0.0323,0.0645,0.0968,True,True,True,True
INFP,INFJ,INFP_to_INFJ,machine_mindset,history,A_history_to_B,B_history_to_B,A3_history_to_B,B3_history_to_B,3,primary_gap_abs_vs_matched_b_control,0.029,0.0068,-0.0222,0.3333,0.2333,-0.1,0.008,0.0153,0.0073,True,False,True,True
INFP,INFJ,INFP_to_INFJ,machine_mindset,summary,A_summary_to_B,B_summary_to_B,A3_summary_to_B,B3_summary_to_B,3,primary_gap_abs_vs_matched_b_control,0.006,0.0104,0.0044,0.3333,0.2333,-0.1,-0.0146,-0.0186,-0.004,True,True,False,True
INFP,INFJ,INFP_to_INFJ,ifeval,history,A_history_to_B,B_history_to_B,A3_history_to_B,B3_history_to_B,3,primary_gap_abs_vs_matched_b_control,0.0334,0.0667,0.0333,0.5005,0.5347,0.0342,-0.0258,-0.0628,-0.037,True,False,False,False
INFP,INFJ,INFP_to_INFJ,ifeval,summary,A_summary_to_B,B_summary_to_B,A3_summary_to_B,B3_summary_to_B,3,primary_gap_abs_vs_matched_b_control,0.0334,0.0333,-0.0001,0.4556,0.466,0.0104,0.0109,-0.0284,-0.0393,False,False,False,False
INFP,ENFJ,INFP_to_ENFJ,mbti_mcq,history,A_history_to_B,B_history_to_B,A3_history_to_B,B3_history_to_B,3,osr_gap_abs_vs_matched_b_control,0.5,0.5,0.0,0.6022,0.6022,0.0,0.3011,0.3441,0.043,False,False,True,False
INFP,ENFJ,INFP_to_ENFJ,mbti_mcq,summary,A_summary_to_B,B_summary_to_B,A3_summary_to_B,B3_summary_to_B,3,osr_gap_abs_vs_matched_b_control,0.0,0.0,0.0,0.8925,0.9032,0.0107,-0.3011,-0.2581,0.043,False,False,True,False
INFP,ENFJ,INFP_to_ENFJ,machine_mindset,history,A_history_to_B,B_history_to_B,A3_history_to_B,B3_history_to_B,3,primary_gap_abs_vs_matched_b_control,0.0545,0.0698,0.0153,0.2667,0.2,-0.0667,0.0215,0.0517,0.0302,True,True,True,True
INFP,ENFJ,INFP_to_ENFJ,machine_mindset,summary,A_summary_to_B,B_summary_to_B,A3_summary_to_B,B3_summary_to_B,3,primary_gap_abs_vs_matched_b_control,0.0057,0.0039,-0.0018,0.4333,0.5667,0.1334,-0.0697,-0.0496,0.0201,False,False,True,False
INFP,ENFJ,INFP_to_ENFJ,ifeval,history,A_history_to_B,B_history_to_B,A3_history_to_B,B3_history_to_B,3,primary_gap_abs_vs_matched_b_control,0.0333,0.0333,0.0,0.475,0.538,0.063,-0.0418,-0.0621,-0.0203,False,False,False,False
INFP,ENFJ,INFP_to_ENFJ,ifeval,summary,A_summary_to_B,B_summary_to_B,A3_summary_to_B,B3_summary_to_B,3,primary_gap_abs_vs_matched_b_control,0.0334,0.1,0.0666,0.5054,0.4408,-0.0646,-0.039,-0.0269,0.0121,True,False,True,True
INFP,ISFJ,INFP_to_ISFJ,mbti_mcq,history,A_history_to_B,B_history_to_B,A3_history_to_B,B3_history_to_B,3,osr_gap_abs_vs_matched_b_control,0.5,0.5,0.0,0.5376,0.5161,-0.0215,0.4194,0.4301,0.0107,True,False,True,True
INFP,ISFJ,INFP_to_ISFJ,mbti_mcq,summary,A_summary_to_B,B_summary_to_B,A3_summary_to_B,B3_summary_to_B,3,osr_gap_abs_vs_matched_b_control,0.0,0.0,0.0,0.8817,0.7849,-0.0968,-0.2473,-0.0753,0.172,True,False,True,True
INFP,ISFJ,INFP_to_ISFJ,machine_mindset,history,A_history_to_B,B_history_to_B,A3_history_to_B,B3_history_to_B,3,primary_gap_abs_vs_matched_b_control,0.0523,0.0564,0.0041,0.0667,0.1667,0.1,0.0343,0.0463,0.012,False,True,True,True
INFP,ISFJ,INFP_to_ISFJ,machine_mindset,summary,A_summary_to_B,B_summary_to_B,A3_summary_to_B,B3_summary_to_B,3,primary_gap_abs_vs_matched_b_control,0.0005,0.0095,0.009,0.4,0.3333,-0.0667,-0.0571,-0.0587,-0.0016,True,True,False,True
INFP,ISFJ,INFP_to_ISFJ,ifeval,history,A_history_to_B,B_history_to_B,A3_history_to_B,B3_history_to_B,3,primary_gap_abs_vs_matched_b_control,0.0666,0.0667,0.0001,0.5152,0.5583,0.0431,-0.0574,-0.064,-0.0066,True,False,False,False
INFP,ISFJ,INFP_to_ISFJ,ifeval,summary,A_summary_to_B,B_summary_to_B,A3_summary_to_B,B3_summary_to_B,3,primary_gap_abs_vs_matched_b_control,0.0667,0.0,-0.0667,0.5303,0.4553,-0.075,-0.0711,-0.0346,0.0365,False,False,True,True
INFP,ENTP,INFP_to_ENTP,mbti_mcq,history,A_history_to_B,B_history_to_B,A3_history_to_B,B3_history_to_B,3,osr_gap_abs_vs_matched_b_control,0.5,0.5,0.0,0.5591,0.5269,-0.0322,0.3871,0.4194,0.0323,True,False,True,True
INFP,ENTP,INFP_to_ENTP,mbti_mcq,summary,A_summary_to_B,B_summary_to_B,A3_summary_to_B,B3_summary_to_B,3,osr_gap_abs_vs_matched_b_control,0.0,0.0,0.0,0.914,0.871,-0.043,-0.4194,-0.2796,0.1398,True,False,True,True
INFP,ENTP,INFP_to_ENTP,machine_mindset,history,A_history_to_B,B_history_to_B,A3_history_to_B,B3_history_to_B,3,primary_gap_abs_vs_matched_b_control,0.0035,0.0067,0.0032,0.3333,0.1333,-0.2,-0.0464,-0.0088,0.0376,True,True,True,True
INFP,ENTP,INFP_to_ENTP,machine_mindset,summary,A_summary_to_B,B_summary_to_B,A3_summary_to_B,B3_summary_to_B,3,primary_gap_abs_vs_matched_b_control,0.0125,0.0334,0.0209,0.2667,0.3,0.0333,-0.073,-0.0706,0.0024,False,True,True,True
INFP,ENTP,INFP_to_ENTP,ifeval,history,A_history_to_B,B_history_to_B,A3_history_to_B,B3_history_to_B,3,primary_gap_abs_vs_matched_b_control,0.1,0.0667,-0.0333,0.4976,0.5004,0.0028,-0.0551,-0.0397,0.0154,False,False,True,False
INFP,ENTP,INFP_to_ENTP,ifeval,summary,A_summary_to_B,B_summary_to_B,A3_summary_to_B,B3_summary_to_B,3,primary_gap_abs_vs_matched_b_control,0.0,0.0334,0.0334,0.4513,0.4105,-0.0408,-0.0297,-0.002,0.0277,True,False,True,True
INFP,ISTP,INFP_to_ISTP,mbti_mcq,summary,A_summary_to_B,B_summary_to_B,A3_summary_to_B,B3_summary_to_B,3,osr_gap_abs_vs_matched_b_control,0.0,0.25,0.25,0.8387,0.828,-0.0107,-0.3333,-0.2581,0.0752,True,True,True,True
INFP,ISTP,INFP_to_ISTP,machine_mindset,summary,A_summary_to_B,B_summary_to_B,A3_summary_to_B,B3_summary_to_B,3,primary_gap_abs_vs_matched_b_control,0.0426,0.044,0.0014,0.2333,0.3667,0.1334,-0.0646,-0.0476,0.017,False,True,True,True
INFP,ISTP,INFP_to_ISTP,ifeval,summary,A_summary_to_B,B_summary_to_B,A3_summary_to_B,B3_summary_to_B,3,primary_gap_abs_vs_matched_b_control,0.0667,0.1,0.0333,0.4986,0.4647,-0.0339,-0.0572,-0.0475,0.0097,True,False,True,True
INFP,ENFP,INFP_to_ENFP,mbti_mcq,history,A_history_to_B,B_history_to_B,A3_history_to_B,B3_history_to_B,3,osr_gap_abs_vs_matched_b_control,0.25,0.25,0.0,0.7957,0.7742,-0.0215,0.1075,0.1613,0.0538,True,False,True,True
INFP,ENFP,INFP_to_ENFP,mbti_mcq,summary,A_summary_to_B,B_summary_to_B,A3_summary_to_B,B3_summary_to_B,3,osr_gap_abs_vs_matched_b_control,0.0,0.0,0.0,0.9032,0.9032,0.0,-0.1183,-0.1505,-0.0322,False,False,False,False
INFP,ENFP,INFP_to_ENFP,machine_mindset,history,A_history_to_B,B_history_to_B,A3_history_to_B,B3_history_to_B,3,primary_gap_abs_vs_matched_b_control,0.0206,0.0194,-0.0012,0.2667,0.1667,-0.1,0.0187,0.0225,0.0038,True,False,True,True
INFP,ENFP,INFP_to_ENFP,machine_mindset,summary,A_summary_to_B,B_summary_to_B,A3_summary_to_B,B3_summary_to_B,3,primary_gap_abs_vs_matched_b_control,0.0178,0.0065,-0.0113,0.3667,0.3333,-0.0334,-0.0189,-0.0185,0.0004,True,False,True,True
INFP,ENFP,INFP_to_ENFP,ifeval,history,A_history_to_B,B_history_to_B,A3_history_to_B,B3_history_to_B,3,primary_gap_abs_vs_matched_b_control,0.0,0.0,0.0,0.4903,0.5327,0.0424,-0.0467,-0.0521,-0.0054,False,False,False,False
INFP,ENFP,INFP_to_ENFP,ifeval,summary,A_summary_to_B,B_summary_to_B,A3_summary_to_B,B3_summary_to_B,3,primary_gap_abs_vs_matched_b_control,0.0333,0.0334,0.0001,0.4436,0.4327,-0.0109,-0.0363,-0.0219,0.0144,True,False,True,True
INFP,ISTJ,INFP_to_ISTJ,mbti_mcq,history,A_history_to_B,B_history_to_B,A3_history_to_B,B3_history_to_B,3,osr_gap_abs_vs_matched_b_control,0.75,0.75,0.0,0.3011,0.3118,0.0107,0.6344,0.5914,-0.043,False,False,False,False
INFP,ISTJ,INFP_to_ISTJ,mbti_mcq,summary,A_summary_to_B,B_summary_to_B,A3_summary_to_B,B3_summary_to_B,3,osr_gap_abs_vs_matched_b_control,0.0,0.0,0.0,0.9785,0.9032,-0.0753,-0.6774,-0.5161,0.1613,True,False,True,True
INFP,ISTJ,INFP_to_ISTJ,machine_mindset,history,A_history_to_B,B_history_to_B,A3_history_to_B,B3_history_to_B,3,primary_gap_abs_vs_matched_b_control,0.1198,0.0845,-0.0353,0.1,0.0333,-0.0667,0.0558,0.047,-0.0088,True,False,False,False
INFP,ISTJ,INFP_to_ISTJ,machine_mindset,summary,A_summary_to_B,B_summary_to_B,A3_summary_to_B,B3_summary_to_B,3,primary_gap_abs_vs_matched_b_control,0.0069,0.0053,-0.0016,0.6,0.4333,-0.1667,-0.0893,-0.0963,-0.007,True,False,False,False
INFP,ISTJ,INFP_to_ISTJ,ifeval,history,A_history_to_B,B_history_to_B,A3_history_to_B,B3_history_to_B,3,primary_gap_abs_vs_matched_b_control,0.0,0.0,0.0,0.537,0.5124,-0.0246,-0.0488,-0.023,0.0258,False,False,True,True
INFP,ISTJ,INFP_to_ISTJ,ifeval,summary,A_summary_to_B,B_summary_to_B,A3_summary_to_B,B3_summary_to_B,3,primary_gap_abs_vs_matched_b_control,0.0,0.1,0.1,0.496,0.4509,-0.0451,-0.0157,-0.0008,0.0149,True,False,True,True
INFP,ESFJ,INFP_to_ESFJ,mbti_mcq,history,A_history_to_B,B_history_to_B,A3_history_to_B,B3_history_to_B,3,osr_gap_abs_vs_matched_b_control,0.75,0.75,0.0,0.4516,0.4194,-0.0322,0.4731,0.5376,0.0645,True,False,True,True
INFP,ESFJ,INFP_to_ESFJ,mbti_mcq,summary,A_summary_to_B,B_summary_to_B,A3_summary_to_B,B3_summary_to_B,3,osr_gap_abs_vs_matched_b_control,0.0,0.0,0.0,0.9247,0.8817,-0.043,-0.4624,-0.4409,0.0215,True,False,True,True
INFP,ESFJ,INFP_to_ESFJ,machine_mindset,history,A_history_to_B,B_history_to_B,A3_history_to_B,B3_history_to_B,3,primary_gap_abs_vs_matched_b_control,0.0401,0.0312,-0.0089,0.2,0.0333,-0.1667,0.0616,0.0588,-0.0028,True,False,False,False
INFP,ESFJ,INFP_to_ESFJ,machine_mindset,summary,A_summary_to_B,B_summary_to_B,A3_summary_to_B,B3_summary_to_B,3,primary_gap_abs_vs_matched_b_control,0.0147,0.0032,-0.0115,0.3333,0.4,0.0667,-0.0509,-0.0499,0.001,False,False,True,False
INFP,ESFJ,INFP_to_ESFJ,ifeval,history,A_history_to_B,B_history_to_B,A3_history_to_B,B3_history_to_B,3,primary_gap_abs_vs_matched_b_control,0.0333,0.0333,0.0,0.427,0.5177,0.0907,0.05,-0.0269,-0.0769,False,False,False,False
INFP,ESFJ,INFP_to_ESFJ,ifeval,summary,A_summary_to_B,B_summary_to_B,A3_summary_to_B,B3_summary_to_B,3,primary_gap_abs_vs_matched_b_control,0.0333,0.0667,0.0334,0.4395,0.4483,0.0088,-0.0205,-0.0411,-0.0206,True,False,False,False
INFP,ESTJ,INFP_to_ESTJ,mbti_mcq,history,A_history_to_B,B_history_to_B,A3_history_to_B,B3_history_to_B,3,osr_gap_abs_vs_matched_b_control,1.0,1.0,0.0,0.1613,0.129,-0.0323,0.7419,0.8172,0.0753,True,False,True,True
INFP,ESTJ,INFP_to_ESTJ,mbti_mcq,summary,A_summary_to_B,B_summary_to_B,A3_summary_to_B,B3_summary_to_B,3,osr_gap_abs_vs_matched_b_control,0.0,0.0,0.0,0.914,0.7957,-0.1183,-0.7419,-0.5054,0.2365,True,False,True,True
INFP,ESTJ,INFP_to_ESTJ,machine_mindset,history,A_history_to_B,B_history_to_B,A3_history_to_B,B3_history_to_B,3,primary_gap_abs_vs_matched_b_control,0.062,0.0616,-0.0004,0.2333,0.1333,-0.1,-0.0669,0.0097,0.0766,True,False,True,True
INFP,ESTJ,INFP_to_ESTJ,machine_mindset,summary,A_summary_to_B,B_summary_to_B,A3_summary_to_B,B3_summary_to_B,3,primary_gap_abs_vs_matched_b_control,0.0264,0.0325,0.0061,0.3333,0.5333,0.2,-0.1012,-0.1149,-0.0137,False,True,False,False
INFP,ESTJ,INFP_to_ESTJ,ifeval,history,A_history_to_B,B_history_to_B,A3_history_to_B,B3_history_to_B,3,primary_gap_abs_vs_matched_b_control,0.1,0.0333,-0.0667,0.4909,0.4943,0.0034,-0.0407,-0.0043,0.0364,False,False,True,False
INFP,ESTJ,INFP_to_ESTJ,ifeval,summary,A_summary_to_B,B_summary_to_B,A3_summary_to_B,B3_summary_to_B,3,primary_gap_abs_vs_matched_b_control,0.0667,0.0,-0.0667,0.4776,0.4569,-0.0207,-0.0206,-0.0207,-0.0001,False,False,False,False
ESFJ,INTJ,ESFJ_to_INTJ,mbti_mcq,history,A_history_to_B,B_history_to_B,A3_history_to_B,B3_history_to_B,3,osr_gap_abs_vs_matched_b_control,0.75,0.75,0.0,0.4301,0.5806,0.1505,0.5054,0.1505,-0.3549,False,False,False,False
ESFJ,INTJ,ESFJ_to_INTJ,mbti_mcq,summary,A_summary_to_B,B_summary_to_B,A3_summary_to_B,B3_summary_to_B,3,osr_gap_abs_vs_matched_b_control,0.0,0.0,0.0,0.9032,0.8817,-0.0215,-0.4946,-0.5054,-0.0108,True,False,False,False
ESFJ,INTJ,ESFJ_to_INTJ,machine_mindset,history,A_history_to_B,B_history_to_B,A3_history_to_B,B3_history_to_B,3,primary_gap_abs_vs_matched_b_control,0.0567,0.0601,0.0034,0.0667,0.0667,0.0,0.0412,0.0523,0.0111,False,True,True,True
ESFJ,INTJ,ESFJ_to_INTJ,machine_mindset,summary,A_summary_to_B,B_summary_to_B,A3_summary_to_B,B3_summary_to_B,3,primary_gap_abs_vs_matched_b_control,0.0247,0.0252,0.0005,0.3333,0.3333,0.0,-0.069,-0.0646,0.0044,False,True,True,True
ESFJ,INTJ,ESFJ_to_INTJ,ifeval,history,A_history_to_B,B_history_to_B,A3_history_to_B,B3_history_to_B,3,primary_gap_abs_vs_matched_b_control,0.0,0.0333,0.0333,0.4918,0.513,0.0212,-0.0404,-0.0685,-0.0281,True,False,False,False
ESFJ,INTJ,ESFJ_to_INTJ,ifeval,summary,A_summary_to_B,B_summary_to_B,A3_summary_to_B,B3_summary_to_B,3,primary_gap_abs_vs_matched_b_control,0.0666,0.0666,0.0,0.4814,0.4889,0.0075,-0.0641,-0.0753,-0.0112,False,False,False,False
ESFJ,INFJ,ESFJ_to_INFJ,mbti_mcq,history,A_history_to_B,B_history_to_B,A3_history_to_B,B3_history_to_B,3,osr_gap_abs_vs_matched_b_control,0.5,0.5,0.0,0.6237,0.6882,0.0645,0.2473,0.1075,-0.1398,False,False,False,False
ESFJ,INFJ,ESFJ_to_INFJ,mbti_mcq,summary,A_summary_to_B,B_summary_to_B,A3_summary_to_B,B3_summary_to_B,3,osr_gap_abs_vs_matched_b_control,0.0,0.0,0.0,0.9677,0.957,-0.0107,-0.4516,-0.3978,0.0538,True,False,True,True
ESFJ,INFJ,ESFJ_to_INFJ,machine_mindset,history,A_history_to_B,B_history_to_B,A3_history_to_B,B3_history_to_B,3,primary_gap_abs_vs_matched_b_control,0.0688,0.0538,-0.015,0.1,0.1333,0.0333,0.0431,0.0298,-0.0133,False,False,False,False
ESFJ,INFJ,ESFJ_to_INFJ,machine_mindset,summary,A_summary_to_B,B_summary_to_B,A3_summary_to_B,B3_summary_to_B,3,primary_gap_abs_vs_matched_b_control,0.0295,0.0176,-0.0119,0.3,0.1333,-0.1667,-0.0225,-0.0319,-0.0094,True,False,False,False
ESFJ,INFJ,ESFJ_to_INFJ,ifeval,history,A_history_to_B,B_history_to_B,A3_history_to_B,B3_history_to_B,3,primary_gap_abs_vs_matched_b_control,0.0,0.0334,0.0334,0.5183,0.5131,-0.0052,-0.0812,-0.0788,0.0024,True,False,True,True
ESFJ,INFJ,ESFJ_to_INFJ,ifeval,summary,A_summary_to_B,B_summary_to_B,A3_summary_to_B,B3_summary_to_B,3,primary_gap_abs_vs_matched_b_control,0.0,0.0667,0.0667,0.462,0.4365,-0.0255,-0.0143,-0.0079,0.0064,True,False,True,True
ESFJ,ENFJ,ESFJ_to_ENFJ,mbti_mcq,history,A_history_to_B,B_history_to_B,A3_history_to_B,B3_history_to_B,3,osr_gap_abs_vs_matched_b_control,0.25,0.25,0.0,0.871,0.8387,-0.0323,0.0538,0.0538,0.0,True,False,False,False
ESFJ,ENFJ,ESFJ_to_ENFJ,mbti_mcq,summary,A_summary_to_B,B_summary_to_B,A3_summary_to_B,B3_summary_to_B,3,osr_gap_abs_vs_matched_b_control,0.0,0.0,0.0,0.957,0.9462,-0.0108,-0.1613,-0.1398,0.0215,True,False,True,True
ESFJ,ENFJ,ESFJ_to_ENFJ,machine_mindset,history,A_history_to_B,B_history_to_B,A3_history_to_B,B3_history_to_B,3,primary_gap_abs_vs_matched_b_control,0.0432,0.0381,-0.0051,0.2333,0.3333,0.1,0.0148,-0.0069,-0.0217,False,False,False,False
ESFJ,ENFJ,ESFJ_to_ENFJ,machine_mindset,summary,A_summary_to_B,B_summary_to_B,A3_summary_to_B,B3_summary_to_B,3,primary_gap_abs_vs_matched_b_control,0.0491,0.0253,-0.0238,0.2667,0.4,0.1333,-0.0182,-0.0226,-0.0044,False,False,False,False
ESFJ,ENFJ,ESFJ_to_ENFJ,ifeval,history,A_history_to_B,B_history_to_B,A3_history_to_B,B3_history_to_B,3,primary_gap_abs_vs_matched_b_control,0.0,0.0333,0.0333,0.5244,0.544,0.0196,-0.0824,-0.097,-0.0146,True,False,False,False
ESFJ,ENFJ,ESFJ_to_ENFJ,ifeval,summary,A_summary_to_B,B_summary_to_B,A3_summary_to_B,B3_summary_to_B,3,primary_gap_abs_vs_matched_b_control,0.0334,0.0333,-0.0001,0.466,0.4715,0.0055,-0.0291,-0.05,-0.0209,False,False,False,False
ESFJ,ISFJ,ESFJ_to_ISFJ,mbti_mcq,history,A_history_to_B,B_history_to_B,A3_history_to_B,B3_history_to_B,3,osr_gap_abs_vs_matched_b_control,0.25,0.25,0.0,0.7849,0.8495,0.0646,0.1075,-0.0323,-0.1398,False,False,False,False
ESFJ,ISFJ,ESFJ_to_ISFJ,mbti_mcq,summary,A_summary_to_B,B_summary_to_B,A3_summary_to_B,B3_summary_to_B,3,osr_gap_abs_vs_matched_b_control,0.0,0.0,0.0,0.9247,0.9247,0.0,-0.1935,-0.1935,0.0,False,False,False,False
ESFJ,ISFJ,ESFJ_to_ISFJ,machine_mindset,history,A_history_to_B,B_history_to_B,A3_history_to_B,B3_history_to_B,3,primary_gap_abs_vs_matched_b_control,0.0254,0.0357,0.0103,0.1333,0.3333,0.2,0.0097,-0.0119,-0.0216,False,True,False,False
ESFJ,ISFJ,ESFJ_to_ISFJ,machine_mindset,summary,A_summary_to_B,B_summary_to_B,A3_summary_to_B,B3_summary_to_B,3,primary_gap_abs_vs_matched_b_control,0.0109,0.0142,0.0033,0.3,0.2667,-0.0333,-0.0322,-0.029,0.0032,True,True,True,True
ESFJ,ISFJ,ESFJ_to_ISFJ,ifeval,history,A_history_to_B,B_history_to_B,A3_history_to_B,B3_history_to_B,3,primary_gap_abs_vs_matched_b_control,0.1,0.0,-0.1,0.5365,0.5374,0.0009,-0.0997,-0.0992,0.0005,False,False,True,False
ESFJ,ISFJ,ESFJ_to_ISFJ,ifeval,summary,A_summary_to_B,B_summary_to_B,A3_summary_to_B,B3_summary_to_B,3,primary_gap_abs_vs_matched_b_control,0.0333,0.0,-0.0333,0.4926,0.4417,-0.0509,-0.0375,-0.0094,0.0281,False,False,True,True
ESFJ,ENTP,ESFJ_to_ENTP,mbti_mcq,history,A_history_to_B,B_history_to_B,A3_history_to_B,B3_history_to_B,3,osr_gap_abs_vs_matched_b_control,0.75,0.5,-0.25,0.4194,0.4839,0.0645,0.5054,0.3441,-0.1613,False,False,False,False
ESFJ,ENTP,ESFJ_to_ENTP,mbti_mcq,summary,A_summary_to_B,B_summary_to_B,A3_summary_to_B,B3_summary_to_B,3,osr_gap_abs_vs_matched_b_control,0.0,0.0,0.0,0.9355,0.9247,-0.0108,-0.4731,-0.4624,0.0107,True,False,True,True
ESFJ,ENTP,ESFJ_to_ENTP,machine_mindset,history,A_history_to_B,B_history_to_B,A3_history_to_B,B3_history_to_B,3,primary_gap_abs_vs_matched_b_control,0.024,0.0354,0.0114,0.0333,0.1,0.0667,0.0121,0.0428,0.0307,False,True,True,True
ESFJ,ENTP,ESFJ_to_ENTP,machine_mindset,summary,A_summary_to_B,B_summary_to_B,A3_summary_to_B,B3_summary_to_B,3,primary_gap_abs_vs_matched_b_control,0.0044,0.0068,0.0024,0.4,0.3667,-0.0333,-0.092,-0.0838,0.0082,True,True,True,True
ESFJ,ENTP,ESFJ_to_ENTP,ifeval,history,A_history_to_B,B_history_to_B,A3_history_to_B,B3_history_to_B,3,primary_gap_abs_vs_matched_b_control,0.0333,0.0333,0.0,0.4776,0.4724,-0.0052,-0.0142,-0.0512,-0.037,False,False,False,False
ESFJ,ENTP,ESFJ_to_ENTP,ifeval,summary,A_summary_to_B,B_summary_to_B,A3_summary_to_B,B3_summary_to_B,3,primary_gap_abs_vs_matched_b_control,0.0333,0.0333,0.0,0.4729,0.4213,-0.0516,-0.04,-0.0218,0.0182,False,False,True,True
ESFJ,ISTP,ESFJ_to_ISTP,mbti_mcq,summary,A_summary_to_B,B_summary_to_B,A3_summary_to_B,B3_summary_to_B,3,osr_gap_abs_vs_matched_b_control,0.0,0.0,0.0,0.9032,0.9247,0.0215,-0.5161,-0.4839,0.0322,False,False,True,False
ESFJ,ISTP,ESFJ_to_ISTP,machine_mindset,summary,A_summary_to_B,B_summary_to_B,A3_summary_to_B,B3_summary_to_B,3,primary_gap_abs_vs_matched_b_control,0.0341,0.0551,0.021,0.3333,0.1667,-0.1666,-0.0511,-0.0246,0.0265,True,True,True,True
ESFJ,ISTP,ESFJ_to_ISTP,ifeval,summary,A_summary_to_B,B_summary_to_B,A3_summary_to_B,B3_summary_to_B,3,primary_gap_abs_vs_matched_b_control,0.0333,0.0,-0.0333,0.508,0.4813,-0.0267,-0.0902,-0.0851,0.0051,False,False,True,True
ESFJ,ENFP,ESFJ_to_ENFP,mbti_mcq,history,A_history_to_B,B_history_to_B,A3_history_to_B,B3_history_to_B,3,osr_gap_abs_vs_matched_b_control,0.5,0.25,-0.25,0.6129,0.7419,0.129,0.2688,0.0645,-0.2043,False,False,False,False
ESFJ,ENFP,ESFJ_to_ENFP,mbti_mcq,summary,A_summary_to_B,B_summary_to_B,A3_summary_to_B,B3_summary_to_B,3,osr_gap_abs_vs_matched_b_control,0.0,0.0,0.0,0.914,0.9677,0.0537,-0.2796,-0.3548,-0.0752,False,False,False,False
ESFJ,ENFP,ESFJ_to_ENFP,machine_mindset,history,A_history_to_B,B_history_to_B,A3_history_to_B,B3_history_to_B,3,primary_gap_abs_vs_matched_b_control,0.0024,0.0082,0.0058,0.2,0.1667,-0.0333,0.0223,-0.0018,-0.0241,True,True,False,True
ESFJ,ENFP,ESFJ_to_ENFP,machine_mindset,summary,A_summary_to_B,B_summary_to_B,A3_summary_to_B,B3_summary_to_B,3,primary_gap_abs_vs_matched_b_control,0.0003,0.015,0.0147,0.3667,0.4333,0.0666,-0.0565,-0.0573,-0.0008,False,True,False,False
ESFJ,ENFP,ESFJ_to_ENFP,ifeval,history,A_history_to_B,B_history_to_B,A3_history_to_B,B3_history_to_B,3,primary_gap_abs_vs_matched_b_control,0.0334,0.0334,0.0,0.5393,0.5525,0.0132,-0.0564,-0.0801,-0.0237,False,False,False,False
ESFJ,ENFP,ESFJ_to_ENFP,ifeval,summary,A_summary_to_B,B_summary_to_B,A3_summary_to_B,B3_summary_to_B,3,primary_gap_abs_vs_matched_b_control,0.0333,0.0666,0.0333,0.4661,0.4553,-0.0108,-0.0475,-0.0326,0.0149,True,False,True,True
ESFJ,ISTJ,ESFJ_to_ISTJ,mbti_mcq,history,A_history_to_B,B_history_to_B,A3_history_to_B,B3_history_to_B,3,osr_gap_abs_vs_matched_b_control,0.5,0.25,-0.25,0.6237,0.7097,0.086,0.2151,0.0215,-0.1936,False,False,False,False
ESFJ,ISTJ,ESFJ_to_ISTJ,mbti_mcq,summary,A_summary_to_B,B_summary_to_B,A3_summary_to_B,B3_summary_to_B,3,osr_gap_abs_vs_matched_b_control,0.0,0.0,0.0,0.957,0.9462,-0.0108,-0.4516,-0.4624,-0.0108,True,False,False,False
ESFJ,ISTJ,ESFJ_to_ISTJ,machine_mindset,history,A_history_to_B,B_history_to_B,A3_history_to_B,B3_history_to_B,3,primary_gap_abs_vs_matched_b_control,0.1149,0.0693,-0.0456,0.1,0.1333,0.0333,0.0483,0.0385,-0.0098,False,False,False,False
ESFJ,ISTJ,ESFJ_to_ISTJ,machine_mindset,summary,A_summary_to_B,B_summary_to_B,A3_summary_to_B,B3_summary_to_B,3,primary_gap_abs_vs_matched_b_control,0.0089,0.0006,-0.0083,0.2667,0.2,-0.0667,-0.0664,-0.0656,0.0008,True,False,True,True
ESFJ,ISTJ,ESFJ_to_ISTJ,ifeval,history,A_history_to_B,B_history_to_B,A3_history_to_B,B3_history_to_B,3,primary_gap_abs_vs_matched_b_control,0.0,0.0333,0.0333,0.4847,0.4783,-0.0064,-0.0411,-0.0509,-0.0098,True,False,False,True
ESFJ,ISTJ,ESFJ_to_ISTJ,ifeval,summary,A_summary_to_B,B_summary_to_B,A3_summary_to_B,B3_summary_to_B,3,primary_gap_abs_vs_matched_b_control,0.0333,0.0,-0.0333,0.4784,0.4483,-0.0301,-0.0456,-0.0658,-0.0202,False,False,False,False
ESFJ,INFP,ESFJ_to_INFP,mbti_mcq,history,A_history_to_B,B_history_to_B,A3_history_to_B,B3_history_to_B,3,osr_gap_abs_vs_matched_b_control,0.75,0.5,-0.25,0.5054,0.6129,0.1075,0.3871,0.1828,-0.2043,False,False,False,False
ESFJ,INFP,ESFJ_to_INFP,mbti_mcq,summary,A_summary_to_B,B_summary_to_B,A3_summary_to_B,B3_summary_to_B,3,osr_gap_abs_vs_matched_b_control,0.0,0.0,0.0,0.8817,0.9462,0.0645,-0.3871,-0.4624,-0.0753,False,False,False,False
ESFJ,INFP,ESFJ_to_INFP,machine_mindset,history,A_history_to_B,B_history_to_B,A3_history_to_B,B3_history_to_B,3,primary_gap_abs_vs_matched_b_control,0.052,0.0776,0.0256,0.0667,0.1,0.0333,0.0543,0.018,-0.0363,False,True,False,False
ESFJ,INFP,ESFJ_to_INFP,machine_mindset,summary,A_summary_to_B,B_summary_to_B,A3_summary_to_B,B3_summary_to_B,3,primary_gap_abs_vs_matched_b_control,0.0278,0.0059,-0.0219,0.3,0.1333,-0.1667,-0.0563,-0.0577,-0.0014,True,False,False,False
ESFJ,INFP,ESFJ_to_INFP,ifeval,history,A_history_to_B,B_history_to_B,A3_history_to_B,B3_history_to_B,3,primary_gap_abs_vs_matched_b_control,0.0334,0.0333,-0.0001,0.4875,0.5118,0.0243,-0.0181,-0.0767,-0.0586,False,False,False,False
ESFJ,INFP,ESFJ_to_INFP,ifeval,summary,A_summary_to_B,B_summary_to_B,A3_summary_to_B,B3_summary_to_B,3,primary_gap_abs_vs_matched_b_control,0.0,0.0,0.0,0.4857,0.4669,-0.0188,-0.0544,-0.0393,0.0151,False,False,True,True
ESFJ,ESTJ,ESFJ_to_ESTJ,mbti_mcq,history,A_history_to_B,B_history_to_B,A3_history_to_B,B3_history_to_B,3,osr_gap_abs_vs_matched_b_control,0.25,0.25,0.0,0.5914,0.7204,0.129,0.3656,0.1613,-0.2043,False,False,False,False
ESFJ,ESTJ,ESFJ_to_ESTJ,mbti_mcq,summary,A_summary_to_B,B_summary_to_B,A3_summary_to_B,B3_summary_to_B,3,osr_gap_abs_vs_matched_b_control,0.0,0.0,0.0,0.9785,0.9355,-0.043,-0.3656,-0.3226,0.043,True,False,True,True
ESFJ,ESTJ,ESFJ_to_ESTJ,machine_mindset,history,A_history_to_B,B_history_to_B,A3_history_to_B,B3_history_to_B,3,primary_gap_abs_vs_matched_b_control,0.0557,0.0478,-0.0079,0.0667,0.1333,0.0666,0.0293,0.0127,-0.0166,False,False,False,False
ESFJ,ESTJ,ESFJ_to_ESTJ,machine_mindset,summary,A_summary_to_B,B_summary_to_B,A3_summary_to_B,B3_summary_to_B,3,primary_gap_abs_vs_matched_b_control,0.0004,0.0267,0.0263,0.3667,0.2667,-0.1,-0.0542,-0.0509,0.0033,True,True,True,True
ESFJ,ESTJ,ESFJ_to_ESTJ,ifeval,history,A_history_to_B,B_history_to_B,A3_history_to_B,B3_history_to_B,3,primary_gap_abs_vs_matched_b_control,0.1,0.0,-0.1,0.4682,0.5232,0.055,-0.0078,-0.0843,-0.0765,False,False,False,False
ESFJ,ESTJ,ESFJ_to_ESTJ,ifeval,summary,A_summary_to_B,B_summary_to_B,A3_summary_to_B,B3_summary_to_B,3,primary_gap_abs_vs_matched_b_control,0.0,0.0334,0.0334,0.4984,0.5034,0.005,-0.0975,-0.0689,0.0286,True,False,True,True
ESTJ,INTJ,ESTJ_to_INTJ,mbti_mcq,history,A_history_to_B,B_history_to_B,A3_history_to_B,B3_history_to_B,3,osr_gap_abs_vs_matched_b_control,0.25,0.25,0.0,0.7527,0.7742,0.0215,0.043,0.0323,-0.0107,False,False,False,False
ESTJ,INTJ,ESTJ_to_INTJ,mbti_mcq,summary,A_summary_to_B,B_summary_to_B,A3_summary_to_B,B3_summary_to_B,3,osr_gap_abs_vs_matched_b_control,0.0,0.25,0.25,0.914,0.8495,-0.0645,-0.2903,-0.129,0.1613,True,True,True,True
ESTJ,INTJ,ESTJ_to_INTJ,machine_mindset,history,A_history_to_B,B_history_to_B,A3_history_to_B,B3_history_to_B,3,primary_gap_abs_vs_matched_b_control,0.0481,0.009,-0.0391,0.1667,0.4333,0.2666,0.0286,0.0297,0.0011,False,False,True,False
ESTJ,INTJ,ESTJ_to_INTJ,machine_mindset,summary,A_summary_to_B,B_summary_to_B,A3_summary_to_B,B3_summary_to_B,3,primary_gap_abs_vs_matched_b_control,0.0008,0.001,0.0002,0.5,0.2667,-0.2333,-0.0406,-0.0236,0.017,True,True,True,True
ESTJ,INTJ,ESTJ_to_INTJ,ifeval,history,A_history_to_B,B_history_to_B,A3_history_to_B,B3_history_to_B,3,primary_gap_abs_vs_matched_b_control,0.0334,0.0667,0.0333,0.4984,0.5072,0.0088,-0.0366,-0.0398,-0.0032,True,False,False,False
ESTJ,INTJ,ESTJ_to_INTJ,ifeval,summary,A_summary_to_B,B_summary_to_B,A3_summary_to_B,B3_summary_to_B,3,primary_gap_abs_vs_matched_b_control,0.0333,0.0333,0.0,0.4895,0.4818,-0.0077,-0.0383,-0.0258,0.0125,False,False,True,True
ESTJ,INFJ,ESTJ_to_INFJ,mbti_mcq,history,A_history_to_B,B_history_to_B,A3_history_to_B,B3_history_to_B,3,osr_gap_abs_vs_matched_b_control,0.75,0.75,0.0,0.3978,0.3871,-0.0107,0.4516,0.4839,0.0323,True,False,True,True
ESTJ,INFJ,ESTJ_to_INFJ,mbti_mcq,summary,A_summary_to_B,B_summary_to_B,A3_summary_to_B,B3_summary_to_B,3,osr_gap_abs_vs_matched_b_control,0.0,0.0,0.0,0.9247,0.8065,-0.1182,-0.5914,-0.3226,0.2688,True,False,True,True
ESTJ,INFJ,ESTJ_to_INFJ,machine_mindset,history,A_history_to_B,B_history_to_B,A3_history_to_B,B3_history_to_B,3,primary_gap_abs_vs_matched_b_control,0.1139,0.1166,0.0027,0.0667,0.1,0.0333,0.1035,0.1292,0.0257,False,True,True,True
ESTJ,INFJ,ESTJ_to_INFJ,machine_mindset,summary,A_summary_to_B,B_summary_to_B,A3_summary_to_B,B3_summary_to_B,3,primary_gap_abs_vs_matched_b_control,0.0091,0.0081,-0.001,0.5,0.2,-0.3,-0.0666,-0.0598,0.0068,True,False,True,True
ESTJ,INFJ,ESTJ_to_INFJ,ifeval,history,A_history_to_B,B_history_to_B,A3_history_to_B,B3_history_to_B,3,primary_gap_abs_vs_matched_b_control,0.0,0.0667,0.0667,0.5114,0.5524,0.041,-0.048,-0.0844,-0.0364,True,False,False,False
ESTJ,INFJ,ESTJ_to_INFJ,ifeval,summary,A_summary_to_B,B_summary_to_B,A3_summary_to_B,B3_summary_to_B,3,primary_gap_abs_vs_matched_b_control,0.0333,0.0667,0.0334,0.4418,0.456,0.0142,0.0029,-0.0334,-0.0363,True,False,False,False
ESTJ,ENFJ,ESTJ_to_ENFJ,mbti_mcq,history,A_history_to_B,B_history_to_B,A3_history_to_B,B3_history_to_B,3,osr_gap_abs_vs_matched_b_control,0.5,0.5,0.0,0.4839,0.4624,-0.0215,0.3871,0.4516,0.0645,True,False,True,True
ESTJ,ENFJ,ESTJ_to_ENFJ,mbti_mcq,summary,A_summary_to_B,B_summary_to_B,A3_summary_to_B,B3_summary_to_B,3,osr_gap_abs_vs_matched_b_control,0.0,0.25,0.25,0.8602,0.7527,-0.1075,-0.2796,-0.043,0.2366,True,True,True,True
ESTJ,ENFJ,ESTJ_to_ENFJ,machine_mindset,history,A_history_to_B,B_history_to_B,A3_history_to_B,B3_history_to_B,3,primary_gap_abs_vs_matched_b_control,0.1001,0.0711,-0.029,0.0667,0.0667,0.0,0.0773,0.0795,0.0022,False,False,True,False
ESTJ,ENFJ,ESTJ_to_ENFJ,machine_mindset,summary,A_summary_to_B,B_summary_to_B,A3_summary_to_B,B3_summary_to_B,3,primary_gap_abs_vs_matched_b_control,0.0324,0.0086,-0.0238,0.5333,0.4,-0.1333,-0.0563,-0.0743,-0.018,True,False,False,False
ESTJ,ENFJ,ESTJ_to_ENFJ,ifeval,history,A_history_to_B,B_history_to_B,A3_history_to_B,B3_history_to_B,3,primary_gap_abs_vs_matched_b_control,0.0333,0.0,-0.0333,0.5325,0.5381,0.0056,-0.0385,-0.0576,-0.0191,False,False,False,False
ESTJ,ENFJ,ESTJ_to_ENFJ,ifeval,summary,A_summary_to_B,B_summary_to_B,A3_summary_to_B,B3_summary_to_B,3,primary_gap_abs_vs_matched_b_control,0.0333,0.0667,0.0334,0.4425,0.4457,0.0032,-0.0198,-0.0464,-0.0266,True,False,False,False
ESTJ,ISFJ,ESTJ_to_ISFJ,mbti_mcq,history,A_history_to_B,B_history_to_B,A3_history_to_B,B3_history_to_B,3,osr_gap_abs_vs_matched_b_control,0.5,0.5,0.0,0.6452,0.6882,0.043,0.2043,0.172,-0.0323,False,False,False,False
ESTJ,ISFJ,ESTJ_to_ISFJ,mbti_mcq,summary,A_summary_to_B,B_summary_to_B,A3_summary_to_B,B3_summary_to_B,3,osr_gap_abs_vs_matched_b_control,0.0,0.0,0.0,0.914,0.9032,-0.0108,-0.3333,-0.2688,0.0645,True,False,True,True
ESTJ,ISFJ,ESTJ_to_ISFJ,machine_mindset,history,A_history_to_B,B_history_to_B,A3_history_to_B,B3_history_to_B,3,primary_gap_abs_vs_matched_b_control,0.0868,0.0461,-0.0407,0.1667,0.1667,0.0,0.0666,0.0538,-0.0128,False,False,False,False
ESTJ,ISFJ,ESTJ_to_ISFJ,machine_mindset,summary,A_summary_to_B,B_summary_to_B,A3_summary_to_B,B3_summary_to_B,3,primary_gap_abs_vs_matched_b_control,0.0013,0.0083,0.007,0.4667,0.2333,-0.2334,-0.0411,-0.0378,0.0033,True,True,True,True
ESTJ,ISFJ,ESTJ_to_ISFJ,ifeval,history,A_history_to_B,B_history_to_B,A3_history_to_B,B3_history_to_B,3,primary_gap_abs_vs_matched_b_control,0.0666,0.0334,-0.0332,0.5034,0.5444,0.041,-0.0501,-0.0734,-0.0233,False,False,False,False
ESTJ,ISFJ,ESTJ_to_ISFJ,ifeval,summary,A_summary_to_B,B_summary_to_B,A3_summary_to_B,B3_summary_to_B,3,primary_gap_abs_vs_matched_b_control,0.0667,0.0,-0.0667,0.4995,0.4723,-0.0272,-0.0271,-0.069,-0.0419,False,False,False,False
ESTJ,ENTP,ESTJ_to_ENTP,mbti_mcq,history,A_history_to_B,B_history_to_B,A3_history_to_B,B3_history_to_B,3,osr_gap_abs_vs_matched_b_control,0.5,0.5,0.0,0.4516,0.4946,0.043,0.4301,0.3978,-0.0323,False,False,False,False
ESTJ,ENTP,ESTJ_to_ENTP,mbti_mcq,summary,A_summary_to_B,B_summary_to_B,A3_summary_to_B,B3_summary_to_B,3,osr_gap_abs_vs_matched_b_control,0.0,0.25,0.25,0.8817,0.828,-0.0537,-0.3333,-0.1935,0.1398,True,True,True,True
ESTJ,ENTP,ESTJ_to_ENTP,machine_mindset,history,A_history_to_B,B_history_to_B,A3_history_to_B,B3_history_to_B,3,primary_gap_abs_vs_matched_b_control,0.0629,0.0122,-0.0507,0.1333,0.1333,0.0,0.0688,0.0618,-0.007,False,False,False,False
ESTJ,ENTP,ESTJ_to_ENTP,machine_mindset,summary,A_summary_to_B,B_summary_to_B,A3_summary_to_B,B3_summary_to_B,3,primary_gap_abs_vs_matched_b_control,0.0278,0.0151,-0.0127,0.5667,0.3,-0.2667,-0.0646,-0.0639,0.0007,True,False,True,True
ESTJ,ENTP,ESTJ_to_ENTP,ifeval,history,A_history_to_B,B_history_to_B,A3_history_to_B,B3_history_to_B,3,primary_gap_abs_vs_matched_b_control,0.0667,0.0333,-0.0334,0.4584,0.5859,0.1275,0.0194,-0.1128,-0.1322,False,False,False,False
ESTJ,ENTP,ESTJ_to_ENTP,ifeval,summary,A_summary_to_B,B_summary_to_B,A3_summary_to_B,B3_summary_to_B,3,primary_gap_abs_vs_matched_b_control,0.0667,0.0666,-0.0001,0.4344,0.4262,-0.0082,-0.0113,-0.0223,-0.011,False,False,False,False
ESTJ,ISTP,ESTJ_to_ISTP,mbti_mcq,summary,A_summary_to_B,B_summary_to_B,A3_summary_to_B,B3_summary_to_B,3,osr_gap_abs_vs_matched_b_control,0.0,0.25,0.25,0.914,0.8602,-0.0538,-0.3118,-0.1935,0.1183,True,True,True,True
ESTJ,ISTP,ESTJ_to_ISTP,machine_mindset,summary,A_summary_to_B,B_summary_to_B,A3_summary_to_B,B3_summary_to_B,3,primary_gap_abs_vs_matched_b_control,0.0122,0.0314,0.0192,0.2667,0.2333,-0.0334,0.0073,-0.0294,-0.0367,True,True,False,True
ESTJ,ISTP,ESTJ_to_ISTP,ifeval,summary,A_summary_to_B,B_summary_to_B,A3_summary_to_B,B3_summary_to_B,3,primary_gap_abs_vs_matched_b_control,0.1,0.0666,-0.0334,0.4879,0.5055,0.0176,-0.027,-0.0775,-0.0505,False,False,False,False
ESTJ,ENFP,ESTJ_to_ENFP,mbti_mcq,history,A_history_to_B,B_history_to_B,A3_history_to_B,B3_history_to_B,3,osr_gap_abs_vs_matched_b_control,0.75,0.75,0.0,0.2258,0.2903,0.0645,0.6667,0.6344,-0.0323,False,False,False,False
ESTJ,ENFP,ESTJ_to_ENFP,mbti_mcq,summary,A_summary_to_B,B_summary_to_B,A3_summary_to_B,B3_summary_to_B,3,osr_gap_abs_vs_matched_b_control,0.0,0.25,0.25,0.8817,0.7419,-0.1398,-0.5269,-0.2366,0.2903,True,True,True,True
ESTJ,ENFP,ESTJ_to_ENFP,machine_mindset,history,A_history_to_B,B_history_to_B,A3_history_to_B,B3_history_to_B,3,primary_gap_abs_vs_matched_b_control,0.0429,0.0588,0.0159,0.0667,0.0667,0.0,0.0851,0.088,0.0029,False,True,True,True
ESTJ,ENFP,ESTJ_to_ENFP,machine_mindset,summary,A_summary_to_B,B_summary_to_B,A3_summary_to_B,B3_summary_to_B,3,primary_gap_abs_vs_matched_b_control,0.0023,0.016,0.0137,0.5,0.4667,-0.0333,-0.0826,-0.0934,-0.0108,True,True,False,True
ESTJ,ENFP,ESTJ_to_ENFP,ifeval,history,A_history_to_B,B_history_to_B,A3_history_to_B,B3_history_to_B,3,primary_gap_abs_vs_matched_b_control,0.0667,0.0,-0.0667,0.5101,0.5194,0.0093,-0.0506,-0.046,0.0046,False,False,True,False
ESTJ,ENFP,ESTJ_to_ENFP,ifeval,summary,A_summary_to_B,B_summary_to_B,A3_summary_to_B,B3_summary_to_B,3,primary_gap_abs_vs_matched_b_control,0.0666,0.0667,0.0001,0.4248,0.415,-0.0098,-0.0604,-0.0275,0.0329,True,False,True,True
ESTJ,INFP,ESTJ_to_INFP,mbti_mcq,history,A_history_to_B,B_history_to_B,A3_history_to_B,B3_history_to_B,3,osr_gap_abs_vs_matched_b_control,1.0,1.0,0.0,0.172,0.1828,0.0108,0.6774,0.6882,0.0108,False,False,True,False
ESTJ,INFP,ESTJ_to_INFP,mbti_mcq,summary,A_summary_to_B,B_summary_to_B,A3_summary_to_B,B3_summary_to_B,3,osr_gap_abs_vs_matched_b_control,0.0,0.25,0.25,0.8495,0.871,0.0215,-0.6344,-0.6022,0.0322,False,True,True,True
ESTJ,INFP,ESTJ_to_INFP,machine_mindset,history,A_history_to_B,B_history_to_B,A3_history_to_B,B3_history_to_B,3,primary_gap_abs_vs_matched_b_control,0.0933,0.0921,-0.0012,0.0,0.0,0.0,0.0994,0.0948,-0.0046,False,False,False,False
ESTJ,INFP,ESTJ_to_INFP,machine_mindset,summary,A_summary_to_B,B_summary_to_B,A3_summary_to_B,B3_summary_to_B,3,primary_gap_abs_vs_matched_b_control,0.0053,0.0026,-0.0027,0.4333,0.3,-0.1333,-0.0719,-0.0631,0.0088,True,False,True,True
ESTJ,INFP,ESTJ_to_INFP,ifeval,history,A_history_to_B,B_history_to_B,A3_history_to_B,B3_history_to_B,3,primary_gap_abs_vs_matched_b_control,0.1,0.0,-0.1,0.493,0.5011,0.0081,-0.0222,-0.0208,0.0014,False,False,True,False
ESTJ,INFP,ESTJ_to_INFP,ifeval,summary,A_summary_to_B,B_summary_to_B,A3_summary_to_B,B3_summary_to_B,3,primary_gap_abs_vs_matched_b_control,0.0334,0.0667,0.0333,0.4766,0.4513,-0.0253,-0.0394,-0.0422,-0.0028,True,False,False,True
ESTJ,ESFJ,ESTJ_to_ESFJ,mbti_mcq,history,A_history_to_B,B_history_to_B,A3_history_to_B,B3_history_to_B,3,osr_gap_abs_vs_matched_b_control,0.25,0.25,0.0,0.6022,0.6022,0.0,0.2796,0.2581,-0.0215,False,False,False,False
ESTJ,ESFJ,ESTJ_to_ESFJ,mbti_mcq,summary,A_summary_to_B,B_summary_to_B,A3_summary_to_B,B3_summary_to_B,3,osr_gap_abs_vs_matched_b_control,0.0,0.0,0.0,0.828,0.7849,-0.0431,-0.0323,-0.0108,0.0215,True,False,True,True
ESTJ,ESFJ,ESTJ_to_ESFJ,machine_mindset,history,A_history_to_B,B_history_to_B,A3_history_to_B,B3_history_to_B,3,primary_gap_abs_vs_matched_b_control,0.0362,0.0252,-0.011,0.0333,0.1,0.0667,0.0761,0.0685,-0.0076,False,False,False,False
ESTJ,ESFJ,ESTJ_to_ESFJ,machine_mindset,summary,A_summary_to_B,B_summary_to_B,A3_summary_to_B,B3_summary_to_B,3,primary_gap_abs_vs_matched_b_control,0.0171,0.0031,-0.014,0.3,0.3,0.0,-0.0296,-0.0193,0.0103,False,False,True,False
ESTJ,ESFJ,ESTJ_to_ESFJ,ifeval,history,A_history_to_B,B_history_to_B,A3_history_to_B,B3_history_to_B,3,primary_gap_abs_vs_matched_b_control,0.1666,0.0667,-0.0999,0.4835,0.4926,0.0091,-0.0301,-0.0406,-0.0105,False,False,False,False
ESTJ,ESFJ,ESTJ_to_ESFJ,ifeval,summary,A_summary_to_B,B_summary_to_B,A3_summary_to_B,B3_summary_to_B,3,primary_gap_abs_vs_matched_b_control,0.0,0.0667,0.0667,0.4623,0.4079,-0.0544,-0.0541,-0.017,0.0371,True,False,True,True
